-- MySQL dump 10.13  Distrib 5.5.54, for debian-linux-gnu (x86_64)
--
-- Host: localhost    Database: monitoria
-- ------------------------------------------------------
-- Server version	5.5.54-0+deb8u1

/*!40101 SET @OLD_CHARACTER_SET_CLIENT=@@CHARACTER_SET_CLIENT */;
/*!40101 SET @OLD_CHARACTER_SET_RESULTS=@@CHARACTER_SET_RESULTS */;
/*!40101 SET @OLD_COLLATION_CONNECTION=@@COLLATION_CONNECTION */;
/*!40101 SET NAMES utf8 */;
/*!40103 SET @OLD_TIME_ZONE=@@TIME_ZONE */;
/*!40103 SET TIME_ZONE='+00:00' */;
/*!40014 SET @OLD_UNIQUE_CHECKS=@@UNIQUE_CHECKS, UNIQUE_CHECKS=0 */;
/*!40014 SET @OLD_FOREIGN_KEY_CHECKS=@@FOREIGN_KEY_CHECKS, FOREIGN_KEY_CHECKS=0 */;
/*!40101 SET @OLD_SQL_MODE=@@SQL_MODE, SQL_MODE='NO_AUTO_VALUE_ON_ZERO' */;
/*!40111 SET @OLD_SQL_NOTES=@@SQL_NOTES, SQL_NOTES=0 */;

--
-- Current Database: `monitoria`
--

CREATE DATABASE /*!32312 IF NOT EXISTS*/ `monitoria` /*!40100 DEFAULT CHARACTER SET latin1 */;

USE `monitoria`;

--
-- Table structure for table `admins`
--

DROP TABLE IF EXISTS `admins`;
/*!40101 SET @saved_cs_client     = @@character_set_client */;
/*!40101 SET character_set_client = utf8 */;
CREATE TABLE `admins` (
  `id` int(10) unsigned NOT NULL AUTO_INCREMENT,
  `name` varchar(255) COLLATE utf8_unicode_ci NOT NULL,
  `email` varchar(255) COLLATE utf8_unicode_ci NOT NULL,
  `password` varchar(255) COLLATE utf8_unicode_ci NOT NULL,
  `remember_token` varchar(100) COLLATE utf8_unicode_ci DEFAULT NULL,
  `created_at` timestamp NULL DEFAULT NULL,
  `updated_at` timestamp NULL DEFAULT NULL,
  PRIMARY KEY (`id`),
  UNIQUE KEY `admins_email_unique` (`email`)
) ENGINE=InnoDB AUTO_INCREMENT=4 DEFAULT CHARSET=utf8 COLLATE=utf8_unicode_ci;
/*!40101 SET character_set_client = @saved_cs_client */;

--
-- Dumping data for table `admins`
--

LOCK TABLES `admins` WRITE;
/*!40000 ALTER TABLE `admins` DISABLE KEYS */;
INSERT INTO `admins` VALUES (2,'apoio','apoiocic@gmail.com','$2y$10$4UTYqhJHb4Sx4NBnTrb5pO2mpbj0Q8hrdUZITK541s7jJvnsRIqTO','x3CVJR2MOlSYUHBB8iHRciLRvnYOxnLNfMUs3kStAQIMmdu4DdCFffJBp5ZF','2017-03-07 16:37:07','2017-03-09 21:57:41'),(3,'Secretaria','secretaria@cic.unb.br','$2y$10$U8UEoMX7tZUzp273RiN8b.AwltYrlqXrnlXzYZAXa7ug2vpr09tVS','FgggWJOUHujOMC7Y7Ylspc4Ym4jc4u0z3fSmvp7w30CiFdiurdFjGyx7YVZq','2017-03-07 16:38:01','2017-03-07 16:38:05');
/*!40000 ALTER TABLE `admins` ENABLE KEYS */;
UNLOCK TABLES;

--
-- Table structure for table `bolsas`
--

DROP TABLE IF EXISTS `bolsas`;
/*!40101 SET @saved_cs_client     = @@character_set_client */;
/*!40101 SET character_set_client = utf8 */;
CREATE TABLE `bolsas` (
  `id` int(11) NOT NULL AUTO_INCREMENT,
  `quantidade` int(2) DEFAULT NULL,
  `created_at` timestamp NULL DEFAULT NULL,
  PRIMARY KEY (`id`)
) ENGINE=InnoDB AUTO_INCREMENT=25 DEFAULT CHARSET=latin1;
/*!40101 SET character_set_client = @saved_cs_client */;

--
-- Dumping data for table `bolsas`
--

LOCK TABLES `bolsas` WRITE;
/*!40000 ALTER TABLE `bolsas` DISABLE KEYS */;
INSERT INTO `bolsas` VALUES (18,1,'2017-03-02 16:08:04'),(19,2,'2017-03-02 16:08:32'),(20,5,'2017-03-02 16:09:08'),(21,2,'2017-03-02 16:09:59'),(22,2,'2017-03-02 17:20:01'),(23,2,'2017-03-06 14:34:42'),(24,40,'2017-03-06 15:07:40');
/*!40000 ALTER TABLE `bolsas` ENABLE KEYS */;
UNLOCK TABLES;

--
-- Table structure for table `dados_bancarios`
--

DROP TABLE IF EXISTS `dados_bancarios`;
/*!40101 SET @saved_cs_client     = @@character_set_client */;
/*!40101 SET character_set_client = utf8 */;
CREATE TABLE `dados_bancarios` (
  `id` int(11) NOT NULL AUTO_INCREMENT,
  `codigo` varchar(11) NOT NULL,
  `agencia` varchar(11) NOT NULL,
  `conta_corrente` varchar(11) NOT NULL,
  PRIMARY KEY (`id`)
) ENGINE=InnoDB AUTO_INCREMENT=46 DEFAULT CHARSET=latin1;
/*!40101 SET character_set_client = @saved_cs_client */;

--
-- Dumping data for table `dados_bancarios`
--

LOCK TABLES `dados_bancarios` WRITE;
/*!40000 ALTER TABLE `dados_bancarios` DISABLE KEYS */;
INSERT INTO `dados_bancarios` VALUES (3,'001','36030','507393'),(4,'001','3603-X','48270-6'),(5,'001','3603-X','49286-8'),(6,'Banco do Br','36005','224995'),(7,'001','29017','403733'),(8,'341','4291','045344'),(9,'01','35920','204013'),(10,'001','36030','441538'),(11,'104','3921','000235044'),(12,'001','1003-0','20000-X'),(13,'0001-BB','3603x','53047-6'),(14,'001','36030','553379'),(15,'001','33804','459313'),(16,'104','0009','00020405-3'),(17,'001','28630','1161172'),(18,'001','2727-8','98624-0'),(19,'BB','1230-0','124094-3'),(20,'104','3921','234951'),(21,'001','3603-x','45335-x'),(22,'1','10227','293652'),(23,'001','36030','417416'),(24,'001','3603-7','55.352-2'),(25,'070','209','209.028.007'),(26,'001','48828','2001977'),(27,'001','5123-3','24226-8'),(28,'001','36030','451452'),(29,'001','36030','546712'),(30,'Banco do Br','5791-6','8764-5'),(31,'104','2780','266310'),(32,'001','48844','56952'),(33,'001','3603-X','549576'),(34,'104','0160','00036308-4'),(35,'104','1297','14797'),(36,'341','2902','233705'),(37,'001 ','28630','4250974'),(38,'001','5898-X','9.677-6'),(39,'104','0974 op013','18462-2'),(40,'237','0606','0174796'),(41,'341','0542','199021'),(42,'001','36005','211567'),(43,'001 (Banco ','1003-0','45264-5'),(44,'341','4338','340534'),(45,'104','0972','247662');
/*!40000 ALTER TABLE `dados_bancarios` ENABLE KEYS */;
UNLOCK TABLES;

--
-- Table structure for table `descricao_periodo`
--

DROP TABLE IF EXISTS `descricao_periodo`;
/*!40101 SET @saved_cs_client     = @@character_set_client */;
/*!40101 SET character_set_client = utf8 */;
CREATE TABLE `descricao_periodo` (
  `id` int(11) NOT NULL AUTO_INCREMENT,
  `descricao` varchar(45) DEFAULT NULL,
  PRIMARY KEY (`id`)
) ENGINE=InnoDB AUTO_INCREMENT=7 DEFAULT CHARSET=latin1;
/*!40101 SET character_set_client = @saved_cs_client */;

--
-- Dumping data for table `descricao_periodo`
--

LOCK TABLES `descricao_periodo` WRITE;
/*!40000 ALTER TABLE `descricao_periodo` DISABLE KEYS */;
INSERT INTO `descricao_periodo` VALUES (1,'Inscrição (Monitores)'),(2,'Avaliação (Professores)'),(3,'Frêquencia - Primeira Etapa'),(4,'Frêquencia - Segunda Etapa'),(5,'Frêquencia - Etapa Final'),(6,'Resultado (Monitores/Professores)');
/*!40000 ALTER TABLE `descricao_periodo` ENABLE KEYS */;
UNLOCK TABLES;

--
-- Table structure for table `disciplinas`
--

DROP TABLE IF EXISTS `disciplinas`;
/*!40101 SET @saved_cs_client     = @@character_set_client */;
/*!40101 SET character_set_client = utf8 */;
CREATE TABLE `disciplinas` (
  `cod_disciplina` int(11) unsigned NOT NULL,
  `nome` varchar(255) CHARACTER SET utf8 NOT NULL,
  `fk_tipo_disciplina_id` int(11) NOT NULL DEFAULT '2',
  `c_prat` int(11) NOT NULL DEFAULT '0',
  `c_teor` int(11) NOT NULL DEFAULT '0',
  `c_est` int(11) NOT NULL DEFAULT '0',
  `c_ext` int(11) NOT NULL DEFAULT '0',
  PRIMARY KEY (`cod_disciplina`),
  KEY `disciplinas_cod_disciplina_index` (`cod_disciplina`),
  KEY `fk_disciplinas_tipo_disciplina1_idx` (`fk_tipo_disciplina_id`),
  CONSTRAINT `fk_disciplinas_tipo_disciplina1` FOREIGN KEY (`fk_tipo_disciplina_id`) REFERENCES `tipo_disciplina` (`id`) ON DELETE NO ACTION ON UPDATE NO ACTION
) ENGINE=InnoDB DEFAULT CHARSET=utf8 COLLATE=utf8_unicode_ci;
/*!40101 SET character_set_client = @saved_cs_client */;

--
-- Dumping data for table `disciplinas`
--

LOCK TABLES `disciplinas` WRITE;
/*!40000 ALTER TABLE `disciplinas` DISABLE KEYS */;
INSERT INTO `disciplinas` VALUES (113450,'FUNDAMENTOS TEÓRICOS DA COMPUTAÇÃO',1,2,2,4,0),(113468,'INTRODUÇÃO AOS SISTEMAS COMPUTACIONAIS',1,2,2,4,0),(113476,'ALGORITMOS E PROGRAMAÇÃO DE COMPUTADORES',1,2,4,6,0),(113492,'FORMAÇÃO DOCENTE EM COMPUTAÇÃO',1,2,2,4,0),(113913,'INTRODUCAO A CIENCIA DA COMPUTACAO',2,2,2,4,0),(116068,'NOCOES DE SISTEMAS OPERACIONAIS',1,2,4,6,0),(116297,'TOPICOS AVANCADOS EM COMPUTADORES',2,0,4,4,0),(116319,'ESTRUTURAS DE DADOS',1,0,4,4,0),(116327,'ORGANIZAÇÃO DE ARQUIVOS',1,2,2,4,0),(116343,'LINGUAGENS DE PROGRAMACAO',1,0,4,4,0),(116351,'CIRCUITOS DIGITAIS',1,2,4,6,0),(116360,'TEORIA DA COMPUTACAO',1,0,4,4,0),(116378,'BANCOS DE DADOS',1,0,4,4,0),(116394,'ORGANIZACAO E ARQUITETURA DE COMPUTADORES',1,0,4,4,0),(116416,'SISTEMAS DE INFORMACAO',1,0,4,4,0),(116424,'TRANSMISSÃO DE DADOS',1,2,2,4,0),(116432,'SOFTWARE BASICO',1,0,4,4,0),(116441,'ENGENHARIA DE SOFTWARE',1,0,4,4,0),(116459,'TRADUTORES',2,2,4,6,0),(116467,'SISTEMAS OPERACIONAIS',1,0,6,6,0),(116475,'TRABALHO DE GRADUACAO',2,6,0,6,0),(116491,'INTRODUCAO A COMPUTACAO SONICA',2,0,4,4,0),(116521,'ESTUDOS EM COMPUTACAO MULTIMIDIA',2,0,4,4,0),(116530,'SEGURANCA DE DADOS',2,0,4,4,0),(116556,'ESTUDOS EM CODIFICACAO E CRIPTOGRAFIA',2,0,4,4,0),(116572,'REDES DE COMPUTADORES',1,2,2,4,0),(116599,'PROCESSAMENTO EM TEMPO REAL',1,0,4,4,0),(116629,'ESTUDOS EM SISTEMAS DE COMPUTACAO',2,0,4,4,0),(116653,'INTRODUCAO A INTELIGENCIA ARTIFICIAL',2,0,4,4,0),(116661,'ESTUDOS EM INTELIGENCIA ARTIFICIAL',2,0,4,4,0),(116726,'INFORMATICA E SOCIEDADE',1,0,2,0,0),(116734,'ESTUDOS EM SISTEMAS DE INFORMACAO',2,0,4,4,0),(116793,'INTRODUCAO A MICROINFORMATICA',1,2,2,4,0),(116823,'TEORIA E PRATICA PEDAGOGICA EM INFORMATICA 1',1,4,2,4,0),(116831,'TEORIA E PRATICA PEDAGOGICA EM INFORMATICA 2',1,4,2,4,0),(116840,'PROJETO DE LICENCIATURA',1,6,4,6,0),(116858,'INFORMATICA APLICADA A EDUCACAO',2,2,2,4,0),(116882,'AUTÔMATOS E COMPUTABILIDADE',1,0,6,8,0),(116891,'PROJETO DE LICENCIATURA 1',1,2,0,2,0),(116904,'PROJETO DE LICENCIATURA 2',1,8,0,8,0),(116912,'TRABALHO DE GRADUAÇÃO 1',1,2,0,2,0),(116921,'TRABALHO DE GRADUAÇÃO 2',1,4,0,4,0),(116947,'PROGRAMAÇÃO COMPETITIVA',2,2,2,4,0),(117196,'MODELAGEM ORIENTADA A OBJETOS',2,2,2,0,0),(117242,'INTRODUCAO AO PROCESSAMENTO DE IMAGENS',2,2,2,4,0),(117251,'ARQUITETURA DE PROCESSADORES DIGITAIS',1,0,4,6,0),(117315,'INTRODUÇÃO À PROGRAMAÇÃO PARALELA',2,0,4,4,0),(117331,'SUPERVISÃO DE ESTÁGIO DE LICENCIATURA - COMPUTAÇÃO',2,2,0,2,0),(117340,'ESTÁGIO SUPERVISIONADO DE LICENCIATURA - COMPUTAÇÃO',2,6,0,4,0),(117366,'LÓGICA COMPUTACIONAL 1',1,2,2,4,0),(117391,'SISTEMAS DIGITAIS INTEGRADOS',2,2,2,4,0),(117528,'INTRODUÇÃO À ENGENHARIA DE COMPUTAÇÃO',1,0,2,0,0),(117536,'PROJETO E ANÁLISE DE ALGORITMOS',1,0,4,4,0),(117552,'INTRODUÇÃO AO DESENVOLVIMENTO DE JOGOS',2,0,4,0,0),(117587,'INTERAÇÃO HUMANO COMPUTADOR',2,0,4,4,0),(117595,'PRINCÍPIOS DE VISÃO COMPUTACIONAL',2,0,4,4,0),(117609,'PROCESSAMENTO DE SINAIS MULTIMÍDIA',2,0,4,0,0),(117889,'TECNICAS DE PROGRAMAÇÃO 1',1,2,2,0,0),(117897,'TECNICAS DE PROGRAMAÇÃO 2',2,2,2,0,0),(117901,'TEORIA E APLICAÇÃO DE GRAFOS',2,2,2,4,0),(117935,'PROGRAMAÇÃO CONCORRENTE',2,2,2,0,0),(121614,'MÉTODOS DE PESQUISA NA LICENCIATURA EM COMPUTAÇÃO',2,0,2,2,0),(201600,'MÉTODOS DE PROGRAMAÇÃO',1,0,4,4,0),(204315,'TELEINFORMÁTICA E REDES 1',1,2,2,4,0),(204323,'TELEINFORMÁTICA E REDES 2',1,2,2,4,0),(204331,'GERÊNCIA E SEGURANÇA DE REDES',2,2,2,4,0),(206075,'SINAIS E SISTEMAS',1,1,3,4,0),(207314,'ESTÁGIO SUPERVISIONADO EM ENGENHARIA DE COMPUTAÇÃO 2',1,10,0,0,0),(207322,'PROJETO FINAL EM ENGENHARIA DE COMPUTAÇÃO 1',1,2,0,0,0),(207331,'PROJETO FINAL EM ENGENHARIA DE COMPUTAÇÃO 2',1,6,0,0,0),(207438,'ESTÁGIO SUPERVISIONADO EM ENGENHARIA DE COMPUTAÇÃO 1',1,10,0,0,0);
/*!40000 ALTER TABLE `disciplinas` ENABLE KEYS */;
UNLOCK TABLES;

--
-- Table structure for table `migrations`
--

DROP TABLE IF EXISTS `migrations`;
/*!40101 SET @saved_cs_client     = @@character_set_client */;
/*!40101 SET character_set_client = utf8 */;
CREATE TABLE `migrations` (
  `id` int(10) unsigned NOT NULL AUTO_INCREMENT,
  `migration` varchar(255) CHARACTER SET utf8 NOT NULL,
  `batch` int(11) NOT NULL,
  PRIMARY KEY (`id`)
) ENGINE=InnoDB AUTO_INCREMENT=12 DEFAULT CHARSET=utf8 COLLATE=utf8_unicode_ci;
/*!40101 SET character_set_client = @saved_cs_client */;

--
-- Dumping data for table `migrations`
--

LOCK TABLES `migrations` WRITE;
/*!40000 ALTER TABLE `migrations` DISABLE KEYS */;
INSERT INTO `migrations` VALUES (10,'2016_12_21_153254_create_professors_table',1),(11,'2017_01_11_151616_create_admins_table',1);
/*!40000 ALTER TABLE `migrations` ENABLE KEYS */;
UNLOCK TABLES;

--
-- Table structure for table `monitoria`
--

DROP TABLE IF EXISTS `monitoria`;
/*!40101 SET @saved_cs_client     = @@character_set_client */;
/*!40101 SET character_set_client = utf8 */;
CREATE TABLE `monitoria` (
  `id` int(10) unsigned NOT NULL AUTO_INCREMENT,
  `remuneracao` varchar(45) NOT NULL,
  `fk_matricula` varchar(11) CHARACTER SET utf8 NOT NULL,
  `fk_cod_disciplina` int(11) unsigned NOT NULL,
  `fk_turmas_id` int(10) NOT NULL,
  `descricao_status` text,
  `prioridade` int(11) DEFAULT NULL,
  `fk_status_monitoria_id` int(11) NOT NULL,
  PRIMARY KEY (`id`),
  KEY `fk_monitoria_users_idx` (`fk_matricula`),
  KEY `fk_monitoria_disciplinas1_idx` (`fk_cod_disciplina`),
  KEY `fk_monitoria_turmas1_idx` (`fk_turmas_id`),
  KEY `fk_matricula_UNIQUE` (`fk_matricula`),
  KEY `fk_monitoria_status_monitoria1_idx` (`fk_status_monitoria_id`),
  CONSTRAINT `fk_monitoria_disciplinas1` FOREIGN KEY (`fk_cod_disciplina`) REFERENCES `disciplinas` (`cod_disciplina`) ON DELETE NO ACTION ON UPDATE NO ACTION,
  CONSTRAINT `fk_monitoria_status_monitoria1` FOREIGN KEY (`fk_status_monitoria_id`) REFERENCES `status_monitoria` (`id`) ON DELETE NO ACTION ON UPDATE NO ACTION,
  CONSTRAINT `fk_monitoria_turmas1` FOREIGN KEY (`fk_turmas_id`) REFERENCES `turmas` (`id`) ON DELETE NO ACTION ON UPDATE NO ACTION,
  CONSTRAINT `fk_monitoria_users` FOREIGN KEY (`fk_matricula`) REFERENCES `users` (`matricula`) ON DELETE NO ACTION ON UPDATE NO ACTION
) ENGINE=InnoDB AUTO_INCREMENT=177 DEFAULT CHARSET=latin1;
/*!40101 SET character_set_client = @saved_cs_client */;

--
-- Dumping data for table `monitoria`
--

LOCK TABLES `monitoria` WRITE;
/*!40000 ALTER TABLE `monitoria` DISABLE KEYS */;
INSERT INTO `monitoria` VALUES (14,'voluntaria','130058866',116351,58,'N/A',NULL,1),(15,'remunerada','130058866',116351,58,'N/A',NULL,1),(16,'voluntaria','130058866',113450,2,'N/A',NULL,1),(17,'remunerada','130058866',113450,2,'N/A',NULL,1),(18,'voluntaria','130138002',116378,60,'N/A',NULL,1),(19,'remunerada','130138002',116378,60,'N/A',NULL,1),(20,'voluntaria','160109744',113476,14,'N/A',NULL,1),(21,'remunerada','160109744',113476,14,'N/A',NULL,1),(22,'voluntaria','160122660',113468,4,'N/A',NULL,1),(23,'remunerada','160122660',113468,4,'N/A',NULL,1),(24,'remunerada','160112362',113468,4,'N/A',NULL,1),(25,'voluntaria','14016089',117889,349,'N/A',NULL,1),(26,'remunerada','14016089',117889,349,'N/A',NULL,1),(27,'remunerada','130032158',116394,62,'N/A',NULL,1),(30,'voluntaria','120051851',116424,67,'N/A',NULL,1),(31,'remunerada','120051851',116424,67,'N/A',NULL,1),(32,'voluntaria','150124163',116319,49,'N/A',NULL,1),(33,'voluntaria','150124163',117889,347,'N/A',NULL,1),(35,'remunerada','160072727',116726,185,'N/A',NULL,1),(36,'voluntaria','100033571',113476,6,'N/A',NULL,1),(37,'remunerada','160072727',116726,184,'N/A',NULL,1),(38,'remunerada','160072727',116793,223,'N/A',NULL,1),(39,'remunerada','160072727',113492,22,'N/A',NULL,1),(40,'voluntaria','140134573',116319,48,'N/A',NULL,1),(41,'remunerada','140134573',116319,48,'N/A',NULL,1),(42,'voluntaria','140136967',117897,350,'N/A',NULL,1),(43,'voluntaria','150005547',113476,10,'N/A',NULL,1),(44,'voluntaria','150126158',113476,6,'N/A',NULL,1),(45,'voluntaria','140153101',113476,14,'N/A',NULL,1),(46,'remunerada','140153101',113476,14,'N/A',NULL,1),(47,'voluntaria','140153101',116726,184,'N/A',NULL,1),(48,'remunerada','140153101',116726,184,'N/A',NULL,1),(49,'voluntaria','140153101',116793,223,'N/A',NULL,1),(50,'remunerada','140153101',116793,223,'N/A',NULL,1),(51,'voluntaria','140153101',113476,10,'N/A',NULL,1),(52,'remunerada','140153101',113476,10,'N/A',NULL,1),(53,'remunerada','150153538',116319,49,'N/A',NULL,1),(54,'voluntaria','130144754',116394,63,'N/A',NULL,1),(55,'voluntaria','160117844',113468,4,'N/A',NULL,1),(57,'voluntaria','100109829',116416,65,'N/A',NULL,1),(58,'remunerada','100109829',116416,65,'N/A',NULL,1),(60,'voluntaria','160108721',113476,6,'N/A',NULL,1),(61,'voluntaria','130016799',116441,71,'N/A',NULL,1),(62,'voluntaria','150120524',113476,14,'N/A',NULL,1),(63,'remunerada','150120524',113476,14,'N/A',NULL,1),(64,'voluntaria','130009121',116441,71,'N/A',NULL,1),(65,'voluntaria','160041465',113476,11,'N/A',NULL,1),(66,'remunerada','160041465',113476,11,'N/A',NULL,1),(67,'voluntaria','120137232',116441,71,'N/A',NULL,1),(70,'voluntaria','150116276',117366,339,'N/A',NULL,1),(71,'remunerada','150116276',117366,339,'N/A',NULL,1),(72,'remunerada','150116276',116726,185,'N/A',NULL,1),(73,'voluntaria','160121256',113476,6,'N/A',NULL,1),(74,'voluntaria','120018276',117552,343,'N/A',NULL,1),(75,'remunerada','120018276',117552,343,'N/A',NULL,1),(76,'remunerada','150140801',117889,347,'N/A',NULL,1),(78,'voluntaria','150115474',116319,49,'N/A',NULL,1),(79,'voluntaria','140140671',113476,404,'N/A',NULL,1),(80,'voluntaria','110146093',117536,342,'N/A',NULL,1),(81,'remunerada','110146093',117536,342,'N/A',NULL,1),(82,'remunerada','110070721',116394,63,'N/A',NULL,1),(83,'voluntaria','140177442',117935,352,'N/A',NULL,1),(84,'remunerada','140177442',117935,352,'N/A',NULL,1),(85,'voluntaria','140177442',113476,6,'N/A',NULL,1),(86,'remunerada','140177442',113476,6,'N/A',NULL,1),(87,'voluntaria','160012708',113476,404,'N/A',NULL,1),(88,'voluntaria','150126808',113476,404,'N/A',NULL,1),(89,'remunerada','150126808',113476,404,'N/A',NULL,1),(90,'voluntaria','150011644',206075,358,'N/A',NULL,1),(91,'voluntaria','160135109',113476,404,'N/A',NULL,1),(92,'voluntaria','140082921',116441,70,'N/A',NULL,1),(93,'voluntaria','130004880',116351,56,'N/A',NULL,1),(94,'remunerada','130004880',116351,56,'N/A',NULL,1),(95,'remunerada','110039530',116327,50,'N/A',NULL,1),(96,'voluntaria','160116341',113476,404,'N/A',NULL,1),(97,'voluntaria','140048804',113476,404,'N/A',NULL,1),(98,'remunerada','140048804',113476,404,'N/A',NULL,1),(99,'remunerada','140159118',113476,6,'N/A',NULL,1),(100,'voluntaria','160148821',113476,10,'N/A',NULL,1),(101,'remunerada','160148821',113476,10,'N/A',NULL,1),(102,'voluntaria','160148821',113476,14,'N/A',NULL,1),(103,'remunerada','160148821',113476,14,'N/A',NULL,1),(104,'voluntaria','160148821',113476,8,'N/A',NULL,1),(105,'remunerada','160148821',113476,8,'N/A',NULL,1),(106,'remunerada','140159118',116378,60,'N/A',NULL,1),(107,'remunerada','140159118',116378,61,'N/A',NULL,1),(108,'voluntaria','130100153',116394,63,'N/A',NULL,1),(109,'voluntaria','150124970',113476,404,'N/A',NULL,1),(110,'remunerada','140158995',113476,6,'N/A',NULL,1),(111,'voluntaria','140032801',113476,10,'N/A',NULL,1),(112,'remunerada','140032801',113476,10,'N/A',NULL,1),(113,'voluntaria','160133661',113476,11,'N/A',NULL,1),(114,'remunerada','160133661',113476,11,'N/A',NULL,1),(115,'voluntaria','160015537',113468,4,'N/A',NULL,1),(116,'remunerada','160015537',113468,4,'N/A',NULL,1),(117,'voluntaria','160036691',113476,11,'N/A',NULL,1),(118,'voluntaria','120111098',116394,63,'N/A',NULL,1),(119,'remunerada','160141044',113476,10,'N/A',NULL,1),(120,'voluntaria','140032797',117536,342,'N/A',NULL,1),(121,'remunerada','140032797',117536,342,'N/A',NULL,1),(122,'voluntaria','160120781',113476,10,'N/A',NULL,1),(123,'remunerada','160120781',113476,10,'N/A',NULL,1),(124,'voluntaria','160119286',113476,11,'N/A',NULL,1),(125,'remunerada','160119286',113476,11,'N/A',NULL,1),(126,'voluntaria','130132624',116441,71,'N/A',NULL,1),(127,'voluntaria','140161741',113476,6,'N/A',NULL,1),(128,'voluntaria','140161741',113476,11,'N/A',NULL,1),(129,'voluntaria','140161741',117889,349,'N/A',NULL,1),(130,'voluntaria','140167919',113476,404,'N/A',NULL,1),(131,'remunerada','150116276',113476,11,'N/A',NULL,1),(132,'voluntaria','160144647',113476,14,'N/A',NULL,1),(133,'voluntaria','160144647',113476,10,'N/A',NULL,1),(134,'voluntaria','160144647',113476,6,'N/A',NULL,1),(135,'voluntaria','160144647',113476,8,'N/A',NULL,1),(136,'voluntaria','150126158',113476,11,'N/A',NULL,1),(137,'remunerada','160143918',113450,1,'N/A',NULL,1),(138,'voluntaria','140153233',206075,358,'N/A',NULL,1),(139,'voluntaria','140030433',116378,60,'N/A',NULL,1),(140,'voluntaria','140030433',116378,61,'N/A',NULL,1),(141,'remunerada','150121814',113476,9,'N/A',NULL,1),(142,'remunerada','150121814',113476,6,'N/A',NULL,1),(143,'remunerada','150121814',113476,11,'N/A',NULL,1),(144,'remunerada','150121814',113476,14,'N/A',NULL,1),(145,'remunerada','150126247',116319,49,'N/A',NULL,1),(146,'remunerada','150126247',113476,6,'N/A',NULL,1),(147,'remunerada','150116276',113476,10,'N/A',NULL,1),(148,'remunerada','150116276',113450,2,'N/A',NULL,1),(149,'voluntaria','160001030',113476,6,'N/A',NULL,1),(150,'voluntaria','160001030',113476,10,'N/A',NULL,1),(152,'voluntaria','160001030',113492,22,'N/A',NULL,1),(153,'voluntaria','150033010',206075,358,'N/A',NULL,1),(154,'remunerada','150033010',206075,358,'N/A',NULL,1),(155,'remunerada','160034205',113476,6,'N/A',NULL,1),(156,'remunerada','160034205',113476,7,'N/A',NULL,1),(157,'remunerada','160034205',113476,9,'N/A',NULL,1),(158,'remunerada','160034205',113476,12,'N/A',NULL,1),(159,'remunerada','160034205',113476,8,'N/A',NULL,1),(160,'remunerada','160034205',113476,13,'N/A',NULL,1),(161,'remunerada','160034205',113476,11,'N/A',NULL,1),(162,'remunerada','160034205',113476,15,'N/A',NULL,1),(163,'remunerada','160034205',113476,10,'N/A',NULL,1),(164,'remunerada','160034205',113476,17,'N/A',NULL,1),(165,'remunerada','160034205',113476,20,'N/A',NULL,1),(166,'remunerada','160034205',113476,16,'N/A',NULL,1),(167,'remunerada','160034205',113476,14,'N/A',NULL,1),(168,'remunerada','160034205',113476,18,'N/A',NULL,1),(169,'remunerada','160034205',113476,19,'N/A',NULL,1),(170,'remunerada','160034205',113476,21,'N/A',NULL,1),(171,'remunerada','160034205',113476,404,'N/A',NULL,1),(172,'voluntaria','130006408',117552,343,'N/A',NULL,1),(173,'voluntaria','160148821',113476,6,'N/A',NULL,1),(174,'remunerada','160148821',113476,6,'N/A',NULL,1),(175,'voluntaria','140137084',116394,62,'N/A',NULL,1),(176,'remunerada','140137084',116394,62,'N/A',NULL,1);
/*!40000 ALTER TABLE `monitoria` ENABLE KEYS */;
UNLOCK TABLES;

--
-- Table structure for table `password_resets`
--

DROP TABLE IF EXISTS `password_resets`;
/*!40101 SET @saved_cs_client     = @@character_set_client */;
/*!40101 SET character_set_client = utf8 */;
CREATE TABLE `password_resets` (
  `email` varchar(255) CHARACTER SET utf8 NOT NULL,
  `token` varchar(255) CHARACTER SET utf8 NOT NULL,
  `created_at` timestamp NULL DEFAULT NULL,
  KEY `password_resets_email_index` (`email`),
  KEY `password_resets_token_index` (`token`)
) ENGINE=InnoDB DEFAULT CHARSET=utf8 COLLATE=utf8_unicode_ci;
/*!40101 SET character_set_client = @saved_cs_client */;

--
-- Dumping data for table `password_resets`
--

LOCK TABLES `password_resets` WRITE;
/*!40000 ALTER TABLE `password_resets` DISABLE KEYS */;
INSERT INTO `password_resets` VALUES ('mateuslfreitasb@gmail.com','cd081314a95a7e19946f3a9dc8af855bf83f6f6e8b0c97cfce7eb95e07f4c472','2017-03-07 17:07:11');
/*!40000 ALTER TABLE `password_resets` ENABLE KEYS */;
UNLOCK TABLES;

--
-- Table structure for table `periodos`
--

DROP TABLE IF EXISTS `periodos`;
/*!40101 SET @saved_cs_client     = @@character_set_client */;
/*!40101 SET character_set_client = utf8 */;
CREATE TABLE `periodos` (
  `id` int(11) NOT NULL AUTO_INCREMENT,
  `inicio` timestamp NULL DEFAULT NULL,
  `fim` timestamp NULL DEFAULT NULL,
  `created_at` timestamp NULL DEFAULT NULL,
  `updated_at` timestamp NULL DEFAULT NULL,
  `fk_id_descricao` int(11) NOT NULL,
  PRIMARY KEY (`id`),
  KEY `fk_periodos_descricao_periodo1_idx` (`fk_id_descricao`),
  CONSTRAINT `fk_periodos_descricao_periodo1` FOREIGN KEY (`fk_id_descricao`) REFERENCES `descricao_periodo` (`id`) ON DELETE NO ACTION ON UPDATE NO ACTION
) ENGINE=InnoDB AUTO_INCREMENT=7 DEFAULT CHARSET=latin1;
/*!40101 SET character_set_client = @saved_cs_client */;

--
-- Dumping data for table `periodos`
--

LOCK TABLES `periodos` WRITE;
/*!40000 ALTER TABLE `periodos` DISABLE KEYS */;
INSERT INTO `periodos` VALUES (1,'2017-03-01 14:00:00','2017-03-14 02:00:00',NULL,'2017-03-06 15:07:40',1),(2,'2017-03-14 04:00:00','2017-03-16 02:00:00',NULL,'2017-03-06 15:07:40',2),(6,'2017-03-21 02:00:00','2017-03-01 05:00:00',NULL,'2017-03-06 15:07:40',6);
/*!40000 ALTER TABLE `periodos` ENABLE KEYS */;
UNLOCK TABLES;

--
-- Table structure for table `professors`
--

DROP TABLE IF EXISTS `professors`;
/*!40101 SET @saved_cs_client     = @@character_set_client */;
/*!40101 SET character_set_client = utf8 */;
CREATE TABLE `professors` (
  `id` int(10) unsigned NOT NULL AUTO_INCREMENT,
  `name` varchar(255) COLLATE utf8_unicode_ci NOT NULL,
  `username` varchar(255) COLLATE utf8_unicode_ci NOT NULL,
  `email` varchar(255) COLLATE utf8_unicode_ci NOT NULL,
  `password` varchar(255) COLLATE utf8_unicode_ci NOT NULL,
  `role` int(11) NOT NULL,
  `remember_token` varchar(100) COLLATE utf8_unicode_ci DEFAULT NULL,
  `created_at` timestamp NULL DEFAULT NULL,
  `updated_at` timestamp NULL DEFAULT NULL,
  PRIMARY KEY (`id`),
  UNIQUE KEY `professors_username_unique` (`username`)
) ENGINE=InnoDB DEFAULT CHARSET=utf8 COLLATE=utf8_unicode_ci;
/*!40101 SET character_set_client = @saved_cs_client */;

--
-- Dumping data for table `professors`
--

LOCK TABLES `professors` WRITE;
/*!40000 ALTER TABLE `professors` DISABLE KEYS */;
/*!40000 ALTER TABLE `professors` ENABLE KEYS */;
UNLOCK TABLES;

--
-- Table structure for table `status_monitoria`
--

DROP TABLE IF EXISTS `status_monitoria`;
/*!40101 SET @saved_cs_client     = @@character_set_client */;
/*!40101 SET character_set_client = utf8 */;
CREATE TABLE `status_monitoria` (
  `id` int(11) NOT NULL AUTO_INCREMENT,
  `nome` varchar(45) DEFAULT NULL,
  PRIMARY KEY (`id`)
) ENGINE=InnoDB AUTO_INCREMENT=9 DEFAULT CHARSET=latin1;
/*!40101 SET character_set_client = @saved_cs_client */;

--
-- Dumping data for table `status_monitoria`
--

LOCK TABLES `status_monitoria` WRITE;
/*!40000 ALTER TABLE `status_monitoria` DISABLE KEYS */;
INSERT INTO `status_monitoria` VALUES (1,'Pendente'),(2,'Pré-Selecionado'),(3,'Deferido'),(4,'Indeferido'),(5,'Aceito no SIGRA'),(6,'Recusado no SIGRA'),(7,'Registrado em outra disciplina'),(8,'Presente na primeira frequência');
/*!40000 ALTER TABLE `status_monitoria` ENABLE KEYS */;
UNLOCK TABLES;

--
-- Table structure for table `status_turma`
--

DROP TABLE IF EXISTS `status_turma`;
/*!40101 SET @saved_cs_client     = @@character_set_client */;
/*!40101 SET character_set_client = utf8 */;
CREATE TABLE `status_turma` (
  `id` int(11) NOT NULL AUTO_INCREMENT,
  `nome` varchar(45) DEFAULT NULL,
  PRIMARY KEY (`id`)
) ENGINE=InnoDB AUTO_INCREMENT=6 DEFAULT CHARSET=latin1;
/*!40101 SET character_set_client = @saved_cs_client */;

--
-- Dumping data for table `status_turma`
--

LOCK TABLES `status_turma` WRITE;
/*!40000 ALTER TABLE `status_turma` DISABLE KEYS */;
INSERT INTO `status_turma` VALUES (1,'Nenhuma ação realizada'),(2,'Monitores Selecionados'),(3,'Todas ações realizadas'),(4,'Primeira frequência feita'),(5,'Segunda frequência feita');
/*!40000 ALTER TABLE `status_turma` ENABLE KEYS */;
UNLOCK TABLES;

--
-- Table structure for table `tipo_disciplina`
--

DROP TABLE IF EXISTS `tipo_disciplina`;
/*!40101 SET @saved_cs_client     = @@character_set_client */;
/*!40101 SET character_set_client = utf8 */;
CREATE TABLE `tipo_disciplina` (
  `id` int(11) NOT NULL AUTO_INCREMENT,
  `tipo` varchar(45) DEFAULT NULL,
  PRIMARY KEY (`id`)
) ENGINE=InnoDB AUTO_INCREMENT=3 DEFAULT CHARSET=latin1;
/*!40101 SET character_set_client = @saved_cs_client */;

--
-- Dumping data for table `tipo_disciplina`
--

LOCK TABLES `tipo_disciplina` WRITE;
/*!40000 ALTER TABLE `tipo_disciplina` DISABLE KEYS */;
INSERT INTO `tipo_disciplina` VALUES (1,'obr'),(2,'opt');
/*!40000 ALTER TABLE `tipo_disciplina` ENABLE KEYS */;
UNLOCK TABLES;

--
-- Table structure for table `turmas`
--

DROP TABLE IF EXISTS `turmas`;
/*!40101 SET @saved_cs_client     = @@character_set_client */;
/*!40101 SET character_set_client = utf8 */;
CREATE TABLE `turmas` (
  `id` int(10) NOT NULL AUTO_INCREMENT,
  `turma` varchar(255) CHARACTER SET utf8 NOT NULL,
  `professor` varchar(255) CHARACTER SET utf8 NOT NULL,
  `fk_cod_disciplina` int(11) unsigned NOT NULL,
  `fk_status_turma_id` int(11) NOT NULL DEFAULT '3',
  `qnt_bolsas` int(11) NOT NULL DEFAULT '0',
  `fk_vagas_id` int(11) NOT NULL,
  PRIMARY KEY (`id`),
  KEY `fk_turmas_disciplinas1_idx` (`fk_cod_disciplina`),
  KEY `fk_turmas_status_turma1_idx` (`fk_status_turma_id`),
  KEY `fk_turmas_vagas1_idx` (`fk_vagas_id`),
  CONSTRAINT `fk_turmas_disciplinas1` FOREIGN KEY (`fk_cod_disciplina`) REFERENCES `disciplinas` (`cod_disciplina`) ON DELETE NO ACTION ON UPDATE NO ACTION,
  CONSTRAINT `fk_turmas_status_turma1` FOREIGN KEY (`fk_status_turma_id`) REFERENCES `status_turma` (`id`) ON DELETE NO ACTION ON UPDATE NO ACTION,
  CONSTRAINT `fk_turmas_vagas1` FOREIGN KEY (`fk_vagas_id`) REFERENCES `vagas` (`id`) ON DELETE NO ACTION ON UPDATE NO ACTION
) ENGINE=InnoDB AUTO_INCREMENT=405 DEFAULT CHARSET=utf8 COLLATE=utf8_unicode_ci;
/*!40101 SET character_set_client = @saved_cs_client */;

--
-- Dumping data for table `turmas`
--

LOCK TABLES `turmas` WRITE;
/*!40000 ALTER TABLE `turmas` DISABLE KEYS */;
INSERT INTO `turmas` VALUES (1,'A','JORGE CARLOS LUCERO',113450,1,0,1),(2,'C','FLAVIO LEONARDO CAVALCANTI DE MOURA',113450,1,0,2),(3,'B','PEDRO ANTONIO DOURADO DE REZENDE',113450,1,0,3),(4,'A','MARCUS VINICIUS LAMAR',113468,1,0,4),(5,'B','RAFAEL MARCONI RAMOS',113468,1,0,5),(6,'A','FRANCISCO DE ASSIS CARTAXO PINHEIRO',113476,1,0,6),(7,'AA','FABRICIO ATAIDES BRAZ',113476,1,0,7),(8,'C','GUILHERME NOVAES RAMOS',113476,1,0,8),(9,'B','CAUÊ ZAGHETTO',113476,1,0,9),(10,'E','TEOFILO EMIDIO DE CAMPOS',113476,1,0,10),(11,'D','FRANCISCO DE ASSIS CARTAXO PINHEIRO',113476,1,0,11),(12,'BB','NILTON CORREIA DA SILVA',113476,1,0,12),(13,'CC','A Designar',113476,1,0,13),(14,'H','RODRIGO BONIFÁCIO DE ALMEIDA',113476,1,0,14),(15,'DD','A Designar',113476,1,0,15),(16,'GG','MATHEUS VIEIRA PORTELA',113476,1,0,16),(17,'EE','LUIZ AUGUSTO FONTES LARANJEIRA',113476,1,0,17),(18,'HH','VANDOR ROBERTO VILARDI RISSOLI',113476,1,0,18),(19,'II','MATHEUS VIEIRA PORTELA',113476,1,0,19),(20,'FF','A Designar',113476,1,0,20),(21,'JJ','MATHEUS VIEIRA PORTELA',113476,1,0,21),(22,'A','MARIA DE FATIMA RAMOS BRANDAO',113492,1,0,22),(23,'A','EDISON ISHIKAWA',113913,1,0,23),(24,'C','ANDRÉ COSTA DRUMMOND',113913,1,0,24),(25,'B','EDISON ISHIKAWA',113913,1,0,25),(26,'E','ANDRÉ COSTA DRUMMOND',113913,1,0,26),(27,'D','ANDRÉ COSTA DRUMMOND',113913,1,0,27),(28,'G','EDISON ISHIKAWA',113913,1,0,28),(29,'F','EDISON ISHIKAWA',113913,1,0,29),(30,'I','EDISON ISHIKAWA',113913,1,0,30),(31,'H','ANDRÉ COSTA DRUMMOND',113913,1,0,31),(32,'K','EDISON ISHIKAWA',113913,1,0,32),(33,'J','ANDRÉ COSTA DRUMMOND',113913,1,0,33),(34,'M','EDISON ISHIKAWA',113913,1,0,34),(35,'L','EDISON ISHIKAWA',113913,1,0,35),(36,'N','ANDRÉ COSTA DRUMMOND',113913,1,0,36),(37,'A','ALETEIA PATRICIA FAVACHO DE ARAUJO VON PAUMGARTTEN',116068,1,0,37),(38,'A','EDGARD COSTA OLIVEIRA',116297,1,0,38),(39,'B','RICARDO PEZZUOL JACOBI',116297,1,0,39),(40,'G','JORGE HENRIQUE CABRAL FERNANDES',116297,1,0,40),(41,'F','WILSON HENRIQUE VENEZIANO',116297,1,0,41),(42,'I','MARCELO LADEIRA',116297,1,0,42),(43,'H','MARISTELA TERTO DE HOLANDA',116297,1,0,43),(44,'N','EDISON ISHIKAWA',116297,1,0,44),(45,'A','EDUARDO ADILIO PELINSON ALCHIERI',116319,1,0,45),(46,'C','DIBIO LEANDRO BORGES',116319,1,0,46),(47,'B','RICARDO LOPES DE QUEIROZ',116319,1,0,47),(48,'E','GEORGE LUIZ MEDEIROS TEODORO',116319,1,0,48),(49,'F','MARCOS FAGUNDES CAETANO',116319,1,0,49),(50,'A','GERMANA MENEZES DA NOBREGA',116327,1,0,50),(51,'C','JACIR LUIZ BORDIM',116327,1,0,51),(52,'B','PEDRO DE AZEVEDO BERGER',116327,1,0,52),(53,'A','MARCELO LADEIRA',116343,1,0,53),(54,'B','MAURICIO AYALA RINCON',116343,1,0,54),(55,'A','CARLA MARIA CHAGAS E CAVALCANTE KOIKE',116351,1,0,55),(56,'C','MARCELO GRANDI MANDELLI',116351,1,0,56),(57,'B','CARLA MARIA CHAGAS E CAVALCANTE KOIKE',116351,1,0,57),(58,'D','MARCELO GRANDI MANDELLI',116351,1,0,58),(59,'A','PEDRO ANTONIO DOURADO DE REZENDE',116360,1,0,59),(60,'A','MARISTELA TERTO DE HOLANDA',116378,1,0,60),(61,'B','PEDRO DE AZEVEDO BERGER',116378,1,0,61),(62,'A','MARCUS VINICIUS LAMAR',116394,1,0,62),(63,'C','MARCELO GRANDI MANDELLI',116394,1,0,63),(64,'B','FLAVIO DE BARROS VIDAL',116394,1,0,64),(65,'A','CELIA GHEDINI RALHA',116416,1,0,65),(66,'B','FERNANDA LIMA',116416,1,0,66),(67,'A','MARCOS FAGUNDES CAETANO',116424,1,0,67),(68,'A','MARCELO LADEIRA',116432,1,0,68),(69,'B','BRUNO LUIGGI MACCHIAVELLO ESPINOZA',116432,1,0,69),(70,'A','FERNANDA LIMA',116441,1,0,70),(71,'B','RODRIGO BONIFÁCIO DE ALMEIDA',116441,1,0,71),(72,'A','GERMANA MENEZES DA NOBREGA',116459,1,0,72),(73,'A','ALBA CRISTINA MAGALHAES ALVES DE MELO',116467,1,0,73),(74,'A','MARCELO LADEIRA',116475,1,0,74),(75,'C','CLAUDIA NALON',116475,1,0,75),(76,'B','MARCUS VINICIUS LAMAR',116475,1,0,76),(77,'E','JACIR LUIZ BORDIM',116475,1,0,77),(78,'D','JOÃO JOSÉ COSTA GONDIM',116475,1,0,78),(79,'F','MARCELO LADEIRA',116475,1,0,79),(80,'A','ALUIZIO ARCELA JUNIOR',116491,1,0,80),(81,'BB','EDUARDO ADILIO PELINSON ALCHIERI',116521,1,0,81),(82,'JJ','JAN MENDONCA CORREA',116521,1,0,82),(83,'E','CARLA DENISE CASTANHO',116521,1,0,83),(84,'NN','FERNANDO ANTONIO DE ARAUJO CHACON DE ALBUQUERQUE',116521,1,0,84),(85,'I','MARISTELA TERTO DE HOLANDA',116521,1,0,85),(86,'B','MARCELO LADEIRA',116521,1,0,86),(87,'EI','EDISON ISHIKAWA',116521,1,0,87),(88,'F','DIBIO LEANDRO BORGES',116521,1,0,88),(89,'EE','EDUARDO ADILIO PELINSON ALCHIERI',116521,1,0,89),(90,'J','JAN MENDONCA CORREA',116521,1,0,90),(91,'M','RICARDO PEZZUOL JACOBI',116521,1,0,91),(92,'L','MARCUS VINICIUS LAMAR',116521,1,0,92),(93,'CE','CELIA GHEDINI RALHA',116521,1,0,93),(94,'N','FERNANDA LIMA',116521,1,0,94),(95,'Q','WILSON HENRIQUE VENEZIANO',116521,1,0,95),(96,'P','JOÃO JOSÉ COSTA GONDIM',116521,1,0,96),(97,'S','FLAVIO DE BARROS VIDAL',116521,1,0,97),(98,'R','ALETEIA PATRICIA FAVACHO DE ARAUJO VON PAUMGARTTEN',116521,1,0,98),(99,'U','ANDRÉ COSTA DRUMMOND',116521,1,0,99),(100,'O','PEDRO DE AZEVEDO BERGER',116521,1,0,100),(101,'GG','BRUNO LUIGGI MACCHIAVELLO ESPINOZA',116521,1,0,101),(102,'MM','MARIA EMILIA MACHADO TELLES WALTER',116521,1,0,102),(103,'T','MARCOS FAGUNDES CAETANO',116521,1,0,103),(104,'A','PEDRO ANTONIO DOURADO DE REZENDE',116530,1,0,104),(105,'A','MARISTELA TERTO DE HOLANDA',116556,1,0,105),(106,'C','FLAVIO LEONARDO CAVALCANTI DE MOURA',116556,1,0,106),(107,'B','MARCELO LADEIRA',116556,1,0,107),(108,'E','RODRIGO BONIFÁCIO DE ALMEIDA',116556,1,0,108),(109,'D','PEDRO ANTONIO DOURADO DE REZENDE',116556,1,0,109),(110,'G','EDUARDO ADILIO PELINSON ALCHIERI',116556,1,0,110),(111,'F','EDUARDO ADILIO PELINSON ALCHIERI',116556,1,0,111),(112,'H','MARCUS VINICIUS LAMAR',116556,1,0,112),(113,'A','JOÃO JOSÉ COSTA GONDIM',116572,1,0,113),(114,'B','ANDRÉ COSTA DRUMMOND',116572,1,0,114),(115,'A','CARLA MARIA CHAGAS E CAVALCANTE KOIKE',116599,1,0,115),(116,'BB','RICARDO PEZZUOL JACOBI',116629,1,0,116),(117,'DD','RODRIGO BONIFÁCIO DE ALMEIDA',116629,1,0,117),(118,'HH','MARCOS FAGUNDES CAETANO',116629,1,0,118),(119,'FF','VANDER RAMOS ALVES',116629,1,0,119),(120,'NN','CLAUDIA NALON',116629,1,0,120),(121,'LL','CAMILO CHANG DOREA',116629,1,0,121),(122,'EE','WILSON HENRIQUE VENEZIANO',116629,1,0,122),(123,'Q','JORGE CARLOS LUCERO',116629,1,0,123),(124,'C','ALBA CRISTINA MAGALHAES ALVES DE MELO',116629,1,0,124),(125,'B','JOÃO JOSÉ COSTA GONDIM',116629,1,0,125),(126,'E','FRANCISCO DE ASSIS CARTAXO PINHEIRO',116629,1,0,126),(127,'D','MARIA EMILIA MACHADO TELLES WALTER',116629,1,0,127),(128,'G','GERSON HENRIQUE PFITSCHER',116629,1,0,128),(129,'F','PEDRO DE AZEVEDO BERGER',116629,1,0,129),(130,'CC','GERMANA MENEZES DA NOBREGA',116629,1,0,130),(131,'H','MARCELO LADEIRA',116629,1,0,131),(132,'K','JORGE HENRIQUE CABRAL FERNANDES',116629,1,0,132),(133,'M','LI WEIGANG',116629,1,0,133),(134,'L','MARCUS VINICIUS LAMAR',116629,1,0,134),(135,'O','CARLA DENISE CASTANHO',116629,1,0,135),(136,'GG','DIEGO DE FREITAS ARANHA',116629,1,0,136),(137,'P','PRISCILA AMERICA SOLIS MENDEZ BARRETO',116629,1,0,137),(138,'R','CARLA MARIA CHAGAS E CAVALCANTE KOIKE',116629,1,0,138),(139,'U','FLAVIO LEONARDO CAVALCANTI DE MOURA',116629,1,0,139),(140,'GB','GEOVANY ARAUJO BORGES',116629,1,0,140),(141,'W','ANDRÉ COSTA DRUMMOND',116629,1,0,141),(142,'V','JAN MENDONCA CORREA',116629,1,0,142),(143,'Y','MARISTELA TERTO DE HOLANDA',116629,1,0,143),(144,'X','FERNANDA LIMA',116629,1,0,144),(145,'Z','GENAINA NUNES RODRIGUES',116629,1,0,145),(146,'OO','CELIA GHEDINI RALHA',116629,1,0,146),(147,'II','FLAVIO DE BARROS VIDAL',116629,1,0,147),(148,'I','JACIR LUIZ BORDIM',116629,1,0,148),(149,'KK','EDUARDO ADILIO PELINSON ALCHIERI',116629,1,0,149),(150,'MM','BRUNO LUIGGI MACCHIAVELLO ESPINOZA',116629,1,0,150),(151,'T','FERNANDO ANTONIO DE ARAUJO CHACON DE ALBUQUERQUE',116629,1,0,151),(152,'A','LI WEIGANG',116653,1,0,152),(153,'BB','CAMILO CHANG DOREA',116661,1,0,153),(154,'DD','CELIA GHEDINI RALHA',116661,1,0,154),(155,'FF','CELIA GHEDINI RALHA',116661,1,0,155),(156,'EE','EDUARDO ADILIO PELINSON ALCHIERI',116661,1,0,156),(157,'AA','JOÃO JOSÉ COSTA GONDIM',116661,1,0,157),(158,'C','MARIA EMILIA MACHADO TELLES WALTER',116661,1,0,158),(159,'B','CLAUDIA NALON',116661,1,0,159),(160,'E','MARCELO LADEIRA',116661,1,0,160),(161,'D','ALBA CRISTINA MAGALHAES ALVES DE MELO',116661,1,0,161),(162,'G','DIBIO LEANDRO BORGES',116661,1,0,162),(163,'F','LI WEIGANG',116661,1,0,163),(164,'CC','CELIA GHEDINI RALHA',116661,1,0,164),(165,'K','MARCUS VINICIUS LAMAR',116661,1,0,165),(166,'J','BRUNO LUIGGI MACCHIAVELLO ESPINOZA',116661,1,0,166),(167,'M','GUILHERME NOVAES RAMOS',116661,1,0,167),(168,'L','MARIA DE FATIMA RAMOS BRANDAO',116661,1,0,168),(169,'O','FLAVIO LEONARDO CAVALCANTI DE MOURA',116661,1,0,169),(170,'N','PEDRO DE AZEVEDO BERGER',116661,1,0,170),(171,'GG','BRUNO LUIGGI MACCHIAVELLO ESPINOZA',116661,1,0,171),(172,'P','CARLA MARIA CHAGAS E CAVALCANTE KOIKE',116661,1,0,172),(173,'R','MARIA DE FATIMA RAMOS BRANDAO',116661,1,0,173),(174,'U','MARISTELA TERTO DE HOLANDA',116661,1,0,174),(175,'T','CARLA DENISE CASTANHO',116661,1,0,175),(176,'W','WILSON HENRIQUE VENEZIANO',116661,1,0,176),(177,'V','ALETEIA PATRICIA FAVACHO DE ARAUJO VON PAUMGARTTEN',116661,1,0,177),(178,'Y','ANDRÉ COSTA DRUMMOND',116661,1,0,178),(179,'X','FLAVIO DE BARROS VIDAL',116661,1,0,179),(180,'Z','RODRIGO BONIFÁCIO DE ALMEIDA',116661,1,0,180),(181,'Q','JAN MENDONCA CORREA',116661,1,0,181),(182,'I','FERNANDO ANTONIO DE ARAUJO CHACON DE ALBUQUERQUE',116661,1,0,182),(183,'MM','MARCOS FAGUNDES CAETANO',116661,1,0,183),(184,'A','JORGE HENRIQUE CABRAL FERNANDES',116726,1,0,184),(185,'B','JORGE HENRIQUE CABRAL FERNANDES',116726,1,0,185),(186,'AA','MARCUS VINICIUS LAMAR',116734,1,0,186),(187,'ZZ','FRANCISCO VILLA ULHOA BOTELHO',116734,1,0,187),(188,'BB','RODRIGO BONIFÁCIO DE ALMEIDA',116734,1,0,188),(189,'DD','CLAUDIA NALON',116734,1,0,189),(190,'HH','EDUARDO ADILIO PELINSON ALCHIERI',116734,1,0,190),(191,'FF','CELIA GHEDINI RALHA',116734,1,0,191),(192,'Z','GERMANA MENEZES DA NOBREGA',116734,1,0,192),(193,'LL','EDISON ISHIKAWA',116734,1,0,193),(194,'EE','FLAVIO DE BARROS VIDAL',116734,1,0,194),(195,'A','PEDRO ANTONIO DOURADO DE REZENDE',116734,1,0,195),(196,'C','DIEGO DE FREITAS ARANHA',116734,1,0,196),(197,'B','GERSON HENRIQUE PFITSCHER',116734,1,0,197),(198,'E','MARCELO LADEIRA',116734,1,0,198),(199,'D','JORGE HENRIQUE CABRAL FERNANDES',116734,1,0,199),(200,'G','LI WEIGANG',116734,1,0,200),(201,'F','FRANCISCO DE ASSIS CARTAXO PINHEIRO',116734,1,0,201),(202,'CC','MARCOS FAGUNDES CAETANO',116734,1,0,202),(203,'H','JACIR LUIZ BORDIM',116734,1,0,203),(204,'K','PRISCILA AMERICA SOLIS MENDEZ BARRETO',116734,1,0,204),(205,'M','CARLA DENISE CASTANHO',116734,1,0,205),(206,'L','MARIA DE FATIMA RAMOS BRANDAO',116734,1,0,206),(207,'O','JOÃO JOSÉ COSTA GONDIM',116734,1,0,207),(208,'N','FERNANDO ANTONIO DE ARAUJO CHACON DE ALBUQUERQUE',116734,1,0,208),(209,'GG','ANDRÉ COSTA DRUMMOND',116734,1,0,209),(210,'P','FERNANDA LIMA',116734,1,0,210),(211,'S','VANDER RAMOS ALVES',116734,1,0,211),(212,'R','FLAVIO LEONARDO CAVALCANTI DE MOURA',116734,1,0,212),(213,'U','MARISTELA TERTO DE HOLANDA',116734,1,0,213),(214,'T','ALETEIA PATRICIA FAVACHO DE ARAUJO VON PAUMGARTTEN',116734,1,0,214),(215,'W','WILSON HENRIQUE VENEZIANO',116734,1,0,215),(216,'V','GENAINA NUNES RODRIGUES',116734,1,0,216),(217,'Y','ALBA CRISTINA MAGALHAES ALVES DE MELO',116734,1,0,217),(218,'X','JAN MENDONCA CORREA',116734,1,0,218),(219,'AZ','ALEXANDRE ZAGHETTO',116734,3,0,219),(220,'Q','CARLA MARIA CHAGAS E CAVALCANTE KOIKE',116734,1,0,220),(221,'I','JORGE CARLOS LUCERO',116734,1,0,221),(222,'MM','MARCOS FAGUNDES CAETANO',116734,1,0,222),(223,'I','DANIEL DA SILVA SOUZA',116793,1,0,223),(224,'B','LETICIA LOPES LEITE',116823,1,0,224),(225,'B','LETICIA LOPES LEITE',116831,1,0,225),(226,'A','MARIA DE FATIMA RAMOS BRANDAO',116840,1,0,226),(227,'C','MARCUS VINICIUS LAMAR',116840,1,0,227),(228,'B','WILSON HENRIQUE VENEZIANO',116840,1,0,228),(229,'A','LETICIA LOPES LEITE',116858,1,0,229),(230,'A','JORGE CARLOS LUCERO',116882,1,0,230),(231,'A','MARIA DE FATIMA RAMOS BRANDAO',116891,1,0,231),(232,'C','MARISTELA TERTO DE HOLANDA',116891,1,0,232),(233,'B','MARIA DE FATIMA RAMOS BRANDAO',116891,1,0,233),(234,'D','RODRIGO BONIFÁCIO DE ALMEIDA',116891,1,0,234),(235,'W','WILSON HENRIQUE VENEZIANO',116891,1,0,235),(236,'AA','CAMILO CHANG DOREA',116904,1,0,236),(237,'JJ','GENAINA NUNES RODRIGUES',116904,1,0,237),(238,'BB','ALEXANDRE ZAGHETTO',116904,1,0,238),(239,'DD','MAURICIO AYALA RINCON',116904,1,0,239),(240,'HH','MARISTELA TERTO DE HOLANDA',116904,1,0,240),(241,'FF','MARCUS VINICIUS LAMAR',116904,1,0,241),(242,'NN','LETICIA LOPES LEITE',116904,1,0,242),(243,'LL','ANDRÉ COSTA DRUMMOND',116904,1,0,243),(244,'EE','WILSON HENRIQUE VENEZIANO',116904,1,0,244),(245,'Q','FRANCISCO DE ASSIS CARTAXO PINHEIRO',116904,1,0,245),(246,'A','CARLA DENISE CASTANHO',116904,1,0,246),(247,'E','JORGE HENRIQUE CABRAL FERNANDES',116904,1,0,247),(248,'D','FLAVIO LEONARDO CAVALCANTI DE MOURA',116904,1,0,248),(249,'CC','GERMANA MENEZES DA NOBREGA',116904,1,0,249),(250,'H','EDUARDO ADILIO PELINSON ALCHIERI',116904,1,0,250),(251,'K','MARIA EMILIA MACHADO TELLES WALTER',116904,1,0,251),(252,'J','ALETEIA PATRICIA FAVACHO DE ARAUJO VON PAUMGARTTEN',116904,1,0,252),(253,'M','JACIR LUIZ BORDIM',116904,1,0,253),(254,'L','MARIA DE FATIMA RAMOS BRANDAO',116904,1,0,254),(255,'O','DIBIO LEANDRO BORGES',116904,1,0,255),(256,'GG','PEDRO DE AZEVEDO BERGER',116904,1,0,256),(257,'P','PRISCILA AMERICA SOLIS MENDEZ BARRETO',116904,1,0,257),(258,'S','JAN MENDONCA CORREA',116904,1,0,258),(259,'R','JOÃO JOSÉ COSTA GONDIM',116904,1,0,259),(260,'U','FERNANDA LIMA',116904,1,0,260),(261,'T','FERNANDO ANTONIO DE ARAUJO CHACON DE ALBUQUERQUE',116904,1,0,261),(262,'ZZ','ALBA CRISTINA MAGALHAES ALVES DE MELO',116904,1,0,262),(263,'V','CARLA MARIA CHAGAS E CAVALCANTE KOIKE',116904,1,0,263),(264,'Y','VANDER RAMOS ALVES',116904,1,0,264),(265,'X','FLAVIO DE BARROS VIDAL',116904,1,0,265),(266,'Z','BRUNO LUIGGI MACCHIAVELLO ESPINOZA',116904,1,0,266),(267,'OO','MARCOS FAGUNDES CAETANO',116904,1,0,267),(268,'II','ALUIZIO ARCELA JUNIOR',116904,1,0,268),(269,'I','PEDRO ANTONIO DOURADO DE REZENDE',116904,1,0,269),(270,'MM','RODRIGO BONIFÁCIO DE ALMEIDA',116904,1,0,270),(271,'XX','EDISON ISHIKAWA',116904,1,0,271),(272,'KK','CELIA GHEDINI RALHA',116904,1,0,272),(273,'C','JAN MENDONCA CORREA',116912,1,0,273),(274,'E','FRANCISCO DE ASSIS CARTAXO PINHEIRO',116912,1,0,274),(275,'D','GENAINA NUNES RODRIGUES',116912,1,0,275),(276,'G','CELIA GHEDINI RALHA',116912,1,0,276),(277,'F','FLAVIO DE BARROS VIDAL',116912,1,0,277),(278,'FF','FLAVIO DE BARROS VIDAL',116912,1,0,278),(279,'JJ','GERMANA MENEZES DA NOBREGA',116921,1,0,279),(280,'BB','CARLA MARIA CHAGAS E CAVALCANTE KOIKE',116921,1,0,280),(281,'DD','MARCUS VINICIUS LAMAR',116921,1,0,281),(282,'EE','VANDER RAMOS ALVES',116921,1,0,282),(283,'JL','JORGE CARLOS LUCERO',116921,1,0,283),(284,'HH','CAMILO CHANG DOREA',116921,1,0,284),(285,'SS','RODRIGO BONIFÁCIO DE ALMEIDA',116921,1,0,285),(286,'FF','FLAVIO DE BARROS VIDAL',116921,1,0,286),(287,'NN','GENAINA NUNES RODRIGUES',116921,1,0,287),(288,'LL','ALETEIA PATRICIA FAVACHO DE ARAUJO VON PAUMGARTTEN',116921,1,0,288),(289,'UU','ANDRÉ COSTA DRUMMOND',116921,1,0,289),(290,'W','CARLA DENISE CASTANHO',116921,1,0,290),(291,'CC','FERNANDA LIMA',116921,1,0,291),(292,'YY','EDISON ISHIKAWA',116921,1,0,292),(293,'Q','MARIA EMILIA MACHADO TELLES WALTER',116921,1,0,293),(294,'AA','JAN MENDONCA CORREA',116921,1,0,294),(295,'QQ','BRUNO LUIGGI MACCHIAVELLO ESPINOZA',116921,1,0,295),(296,'C','ALBA CRISTINA MAGALHAES ALVES DE MELO',116921,1,0,296),(297,'B','JORGE HENRIQUE CABRAL FERNANDES',116921,1,0,297),(298,'D','PEDRO ANTONIO DOURADO DE REZENDE',116921,1,0,298),(299,'G','FRANCISCO DE ASSIS CARTAXO PINHEIRO',116921,1,0,299),(300,'F','FERNANDO ANTONIO DE ARAUJO CHACON DE ALBUQUERQUE',116921,1,0,300),(301,'I','JACIR LUIZ BORDIM',116921,1,0,301),(302,'H','GUILHERME NOVAES RAMOS',116921,1,0,302),(303,'K','JOSE CARLOS LOUREIRO RALHA',116921,1,0,303),(304,'J','JOÃO JOSÉ COSTA GONDIM',116921,1,0,304),(305,'M','MARCELO LADEIRA',116921,1,0,305),(306,'L','LI WEIGANG',116921,1,0,306),(307,'GG','RICARDO LOPES DE QUEIROZ',116921,1,0,307),(308,'S','DIBIO LEANDRO BORGES',116921,1,0,308),(309,'R','RICARDO PEZZUOL JACOBI',116921,1,0,309),(310,'U','CELIA GHEDINI RALHA',116921,1,0,310),(311,'T','MARIA DE FATIMA RAMOS BRANDAO',116921,1,0,311),(312,'VV','CLAUDIA NALON',116921,1,0,312),(313,'V','FLAVIO LEONARDO CAVALCANTI DE MOURA',116921,1,0,313),(314,'Y','PRISCILA AMERICA SOLIS MENDEZ BARRETO',116921,1,0,314),(315,'X','PEDRO DE AZEVEDO BERGER',116921,1,0,315),(316,'OO','MAURICIO AYALA RINCON',116921,1,0,316),(317,'II','ALEXANDRE ZAGHETTO',116921,1,0,317),(318,'MC','MARCOS FAGUNDES CAETANO',116921,1,0,318),(319,'KK','MYLENE CHRISTINE QUEIROZ DE FARIAS',116921,1,0,319),(320,'XX','GERMANA MENEZES DA NOBREGA',116921,1,0,320),(321,'MM','MARISTELA TERTO DE HOLANDA',116921,1,0,321),(322,'WW','EDUARDO ADILIO PELINSON ALCHIERI',116921,1,0,322),(323,'TT','WILSON HENRIQUE VENEZIANO',116921,1,0,323),(324,'A','GUILHERME NOVAES RAMOS',116947,1,0,324),(325,'A','FERNANDO ANTONIO DE ARAUJO CHACON DE ALBUQUERQUE',117196,1,0,325),(326,'A','BRUNO LUIGGI MACCHIAVELLO ESPINOZA',117242,1,0,326),(327,'A','WILSON HENRIQUE VENEZIANO',117251,1,0,327),(328,'A','GERSON HENRIQUE PFITSCHER',117315,1,0,328),(329,'A','MARIA DE FATIMA RAMOS BRANDAO',117331,1,0,329),(330,'C','FRANCISCO VILLA ULHOA BOTELHO',117331,1,0,330),(331,'B','WILSON HENRIQUE VENEZIANO',117331,1,0,331),(332,'D','GISLANE PEREIRA SANTANA',117331,1,0,332),(333,'A','MARIA DE FATIMA RAMOS BRANDAO',117340,1,0,333),(334,'C','FRANCISCO VILLA ULHOA BOTELHO',117340,1,0,334),(335,'B','WILSON HENRIQUE VENEZIANO',117340,1,0,335),(336,'D','GISLANE PEREIRA SANTANA',117340,1,0,336),(337,'A','MAURICIO AYALA RINCON',117366,1,0,337),(338,'B','CLAUDIA NALON',117366,1,0,338),(339,'D','FLAVIO LEONARDO CAVALCANTI DE MOURA',117366,1,0,339),(340,'A','RICARDO PEZZUOL JACOBI',117391,1,0,340),(341,'A','PRISCILA AMERICA SOLIS MENDEZ BARRETO',117528,1,0,341),(342,'A','JAN MENDONCA CORREA',117536,1,0,342),(343,'A','CARLA DENISE CASTANHO',117552,1,0,343),(344,'A','FERNANDA LIMA',117587,1,0,344),(345,'A','FLAVIO DE BARROS VIDAL',117595,1,0,345),(346,'A','RICARDO LOPES DE QUEIROZ',117609,1,0,346),(347,'A','TEOFILO EMIDIO DE CAMPOS',117889,1,0,347),(348,'C','RODRIGO BONIFÁCIO DE ALMEIDA',117889,1,0,348),(349,'B','FERNANDO ANTONIO DE ARAUJO CHACON DE ALBUQUERQUE',117889,1,0,349),(350,'A','GENAINA NUNES RODRIGUES',117897,1,0,350),(351,'A','DIBIO LEANDRO BORGES',117901,1,0,351),(352,'A','EDUARDO ADILIO PELINSON ALCHIERI',117935,1,0,352),(353,'A','CAUÊ ZAGHETTO',121614,1,0,353),(354,'A','JAN MENDONCA CORREA',201600,1,0,354),(355,'A','PRISCILA AMERICA SOLIS MENDEZ BARRETO',204315,1,0,355),(356,'A','JACIR LUIZ BORDIM',204323,1,0,356),(357,'A','JOÃO JOSÉ COSTA GONDIM',204331,1,0,357),(358,'A','RICARDO LOPES DE QUEIROZ',206075,1,0,358),(359,'A','RICARDO ZELENOVSKY',207314,1,0,359),(360,'A','MARIA EMILIA MACHADO TELLES WALTER',207322,1,0,360),(361,'C','JACIR LUIZ BORDIM',207322,1,0,361),(362,'B','BRUNO LUIGGI MACCHIAVELLO ESPINOZA',207322,1,0,362),(363,'E','RAFAEL TIMOTEO DE SOUSA JUNIOR',207322,1,0,363),(364,'D','MARISTELA TERTO DE HOLANDA',207322,1,0,364),(365,'G','ALETEIA PATRICIA FAVACHO DE ARAUJO VON PAUMGARTTEN',207322,1,0,365),(366,'F','JOSÉ EDIL GUIMARÃES DE MEDEIROS',207322,1,0,366),(367,'I','JOÃO JOSÉ COSTA GONDIM',207322,1,0,367),(368,'H','GENAINA NUNES RODRIGUES',207322,1,0,368),(369,'K','ALBA CRISTINA MAGALHAES ALVES DE MELO',207322,1,0,369),(370,'J','CARLA DENISE CASTANHO',207322,1,0,370),(371,'M','FERNANDA LIMA',207322,1,0,371),(372,'L','MARISTELA TERTO DE HOLANDA',207322,1,0,372),(373,'O','RICARDO PEZZUOL JACOBI',207322,1,0,373),(374,'N','ALEXANDRE ZAGHETTO',207322,1,0,374),(375,'Q','MARCUS VINICIUS LAMAR',207322,1,0,375),(376,'P','DIBIO LEANDRO BORGES',207322,1,0,376),(377,'S','MARCOS FAGUNDES CAETANO',207322,1,0,377),(378,'R','RODRIGO BONIFÁCIO DE ALMEIDA',207322,1,0,378),(379,'U','RICARDO ZELENOVSKY',207322,1,0,379),(380,'T','MYLENE CHRISTINE QUEIROZ DE FARIAS',207322,1,0,380),(381,'V','LI WEIGANG',207322,1,0,381),(382,'X','CLAUDIA NALON',207322,1,0,382),(383,'A','GENAINA NUNES RODRIGUES',207331,1,0,383),(384,'C','MARIA EMILIA MACHADO TELLES WALTER',207331,1,0,384),(385,'B','BRUNO LUIGGI MACCHIAVELLO ESPINOZA',207331,1,0,385),(386,'E','JOÃO JOSÉ COSTA GONDIM',207331,1,0,386),(387,'D','MARISTELA TERTO DE HOLANDA',207331,1,0,387),(388,'G','MARCUS VINICIUS LAMAR',207331,1,0,388),(389,'F','ALETEIA PATRICIA FAVACHO DE ARAUJO VON PAUMGARTTEN',207331,1,0,389),(390,'I','EDUARDO PEIXOTO FERNANDES DA SILVA',207331,1,0,390),(391,'H','ALBA CRISTINA MAGALHAES ALVES DE MELO',207331,1,0,391),(392,'K','MYLENE CHRISTINE QUEIROZ DE FARIAS',207331,1,0,392),(393,'J','ALEXANDRE ZAGHETTO',207331,3,0,393),(394,'M','CARLA DENISE CASTANHO',207331,1,0,394),(395,'L','EDISON ISHIKAWA',207331,1,0,395),(396,'O','FERNANDA LIMA',207331,1,0,396),(397,'N','FLAVIO DE BARROS VIDAL',207331,1,0,397),(398,'Q','RAFAEL TIMOTEO DE SOUSA JUNIOR',207331,1,0,398),(399,'P','DANIEL CHAVES CAFÉ',207331,1,0,399),(400,'S','RICARDO PEZZUOL JACOBI',207331,1,0,400),(401,'R','JACIR LUIZ BORDIM',207331,1,0,401),(402,'JJ','ALEXANDRE ZAGHETTO',207331,1,0,402),(403,'A','RICARDO ZELENOVSKY',207438,1,0,403),(404,'V','CARLA DENISE CASTANHO',113476,1,0,403);
/*!40000 ALTER TABLE `turmas` ENABLE KEYS */;
UNLOCK TABLES;

--
-- Table structure for table `users`
--

DROP TABLE IF EXISTS `users`;
/*!40101 SET @saved_cs_client     = @@character_set_client */;
/*!40101 SET character_set_client = utf8 */;
CREATE TABLE `users` (
  `id` int(10) unsigned NOT NULL AUTO_INCREMENT,
  `name` varchar(255) CHARACTER SET utf8 NOT NULL,
  `email` varchar(255) CHARACTER SET utf8 NOT NULL,
  `password` varchar(255) CHARACTER SET utf8 NOT NULL,
  `cpf` varchar(11) CHARACTER SET utf8 NOT NULL,
  `rg` varchar(11) CHARACTER SET utf8 NOT NULL,
  `matricula` varchar(11) CHARACTER SET utf8 NOT NULL,
  `fk_banco` int(11) DEFAULT NULL,
  `remember_token` varchar(100) CHARACTER SET utf8 DEFAULT NULL,
  `created_at` timestamp NULL DEFAULT NULL,
  `updated_at` timestamp NULL DEFAULT NULL,
  PRIMARY KEY (`id`,`matricula`),
  UNIQUE KEY `users_email_unique` (`email`),
  UNIQUE KEY `users_cpf_unique` (`cpf`),
  UNIQUE KEY `users_rg_unique` (`rg`),
  UNIQUE KEY `users_matricula_unique` (`matricula`),
  KEY `fk_banco` (`fk_banco`),
  CONSTRAINT `users_ibfk_1` FOREIGN KEY (`fk_banco`) REFERENCES `dados_bancarios` (`id`)
) ENGINE=InnoDB AUTO_INCREMENT=104 DEFAULT CHARSET=utf8 COLLATE=utf8_unicode_ci;
/*!40101 SET character_set_client = @saved_cs_client */;

--
-- Dumping data for table `users`
--

LOCK TABLES `users` WRITE;
/*!40000 ALTER TABLE `users` DISABLE KEYS */;
INSERT INTO `users` VALUES (5,'Caio Matheus Campos de Oliveira','caiomcoliveira@gmail.com','$2y$10$Hk5E.4oBg1a7lnJ6wfq3E.Wswe8Mi2pF0uZfiQoWyUB2NQ5FVsZcq','03570688151','1100991551','140176713',NULL,'Lgfv6H9ZUWL22OlNNpKXNcDjgfOQjybgfcVAeCUs6amZKc50kqCu7crkpF9N','2017-03-06 14:50:24','2017-03-06 17:10:47'),(6,'Kevin Masinda Mahema','kevinmasinda16@gmail.com','$2y$10$aDk1.0EQfKClblQt4rhWCOHMDCTaxccMy/UoD8ZuTRC96pRcdkQh.','70248410105','V7897357','130058866',3,'piengEf8WVKnaQnhdYB7nDCvM6Tmj7E5t2ING0Ix6UUjfGrDzi4AihBiSPHy','2017-03-06 16:40:58','2017-03-06 16:48:12'),(7,'Lorrane Lorena Oliveira Ribeiro ','loh.oliveira10@gmail.com','$2y$10$bSI.1Koki.Qxg6jnlAbbouL5XHiD3t/vPMjdwDmS8VgllsH80eFzS','06436101110','3037643','160012708',NULL,NULL,'2017-03-06 17:47:46','2017-03-06 17:47:46'),(8,'Lukas Lorenz Andrade','lukaslorenzandrade@gmail.com','$2y$10$Rn4A6dkF13TmDIxSJSkfQe8v5v24faStUmxhoaSS.Puxc/V9ycFCq','06067420180','2616904','160135109',NULL,NULL,'2017-03-06 17:50:59','2017-03-06 17:50:59'),(9,'William Gustavo Queiroz Simião','williamsimiao@gmail.com','$2y$10$VOw.HHuH.oFohu8/UdY12uH/oiZfVZrDFn6Y9noRVEI.qhQ7cDbci','00143711202','6116193','130138002',4,NULL,'2017-03-06 18:04:43','2017-03-06 18:08:05'),(10,'José Marcos da Silva Leite','leite.josemarcos@gmail.com','$2y$10$QEHLBMf.4YL6eZ8KngMGfeBaZuA8KL37QK8qBQGYz/Y9FXJ7l8tPy','04591087190','3073675','150038810',NULL,NULL,'2017-03-06 18:11:34','2017-03-06 18:11:34'),(11,'Igor Figueira Pinheiro da Silva','igorfgds@gmail.com','$2y$10$BRt4DksCyvCfWxnoTy7wCuT0tilzIOmkbmENULEm6OJAVCFXhrxKa','03695729120','2925498','150129921',NULL,NULL,'2017-03-06 18:19:14','2017-03-06 18:19:14'),(12,'Aline Almeida Ávila','avila.aline@live.com','$2y$10$74K6dLgojueLD/kzXi775OTw2ZRFVOVlu0YAjHddQWfh8zDPoNStq','04800536189','2647762','160109744',5,NULL,'2017-03-06 18:23:11','2017-03-06 18:25:14'),(13,'Michelangelo da Rocha Machado','michelangelo246@hotmail.com','$2y$10$N1f5u.JXjAVjqJFFVaqsg.S/CZrdv6V0vCDviY6g6wM0jD/Rw0TjW','09889670909','3604900','14016089',8,'RmPU1RLpD73tB5y7x0oVf9FNeepuU3GVtX6dWA6VLY3kHSNTZWuXT0PtxTlD','2017-03-06 18:46:03','2017-03-08 13:06:51'),(14,'Giovanni Meneguette Guidini','giovanni.guidini@gmail.com','$2y$10$bXRozEgqHeMwWoR1nWOkv.x5K2VPE6IuDMlwnTwOi9xZL/jxZviKe','44387515864','37.676.040-','160122660',6,'CePMtGGbGJEcW8sI5Yc4Xh6LNSaAivRLNSEfkK0Luwh7DYWevsu5ZKgPfHOY','2017-03-06 19:08:45','2017-03-06 19:12:20'),(15,'VITOR FERNANDES DULLENS','vitordullens2.0@gmail.com','$2y$10$xA7ooIOxIGptNoxcNRmQn.M3d3Votc7iDMJqAVU1.tgfPcR3G3nOu','70876720106','3320372','160148260',NULL,NULL,'2017-03-06 19:14:45','2017-03-06 19:14:45'),(16,'Christian Luis Marcondes Costa','christianlmc1@gmail.com','$2y$10$yAgM8WkmRcGz64A.j/Oluezp7Cfwk1prW1vLPj7JV3tbFXImiDf52','05456238128','3801962','150153538',14,'txfNwcfrnaIsUXT3Lo7HMaAq4pKnO7jzpqRNCaKaXpaa409hhZC7jFnyQ1pf','2017-03-06 19:20:43','2017-03-08 13:09:54'),(17,'Andrey Emmanuel Matrosov Mazépas','andreymazepas@gmail.com','$2y$10$hs8vYj9y.e6MNk7595PgqeeXyfNJHfrrJIVKEt2N2I6Ht2WM401J2','03927850136','2200022','160112362',7,NULL,'2017-03-06 19:21:13','2017-03-06 19:23:15'),(18,'Cesar Augusto de Carvalho','cesaraugc@gmail.com','$2y$10$fID87QL3AQSCLGvWBgeSd.ZPlIZIJmRnFXGM8IPTTWshvDXFJ4B3O','09406110660','16206475','150121814',41,'tjvqo2BsZlojk0qvmddW7bx6G2OVyfdIAFgw0cLUlnZ7nvobIMlBI8d500Uz','2017-03-06 21:20:41','2017-03-09 20:27:45'),(19,'Fillype Alves do Nascimento','fillypesax@gmail.com','$2y$10$f135UKjUHW7tfC0229FDnO.ARroxnxpbQz4u0I/zFFqoItQ1LuWKe','00734410158','3526424','160070431',NULL,NULL,'2017-03-06 21:27:45','2017-03-06 21:27:45'),(20,'Luigi Nunes Gil','luigi.gil@hotmail.com','$2y$10$MbXFSYCp72EnvQuexMtDRuSvJmCCZCNU1YGyfhD0l1aKyyJIjYiNW','04332919157','3003306','130032158',9,NULL,'2017-03-06 21:29:26','2017-03-06 21:30:35'),(21,'Éden de Lucas Castelar Vale Medeiros','edenlcvm@gmail.com','$2y$10$z5U6wfV6L/7KiWSaOgqbqeQVpKQVzKadRLNw7Nh2d46Duf/K5i4YS','04425233190','3039392','120151898',NULL,NULL,'2017-03-06 21:33:08','2017-03-06 21:33:08'),(22,'Emmanuel Gustavo Rinaldi Perotto','emmanuelperotto@gmail.com','$2y$10$sWj9JFgbfmCQ9f9EfFGGwO1a2e7yFrqIHzdFoR73WBSzB/qB2x2fS','04168159108','2987559','150124163',NULL,NULL,'2017-03-06 21:33:54','2017-03-06 21:33:54'),(23,'VINICIUS AGUIAR MONTEIRO','viniciusaguiarmonteiro@hotmail.com','$2y$10$Yv45xOPxuglFJwoFxBJZSOc58MD94lM9wn.wNKQjl.xCeHsxLF2bS','00862590167','3201432','160072727',11,'riNrXoYAflkMclT4753mmQFxRCZR3ybuycoahCqMfNb4HdbJvzSiNqG5Lm85','2017-03-06 21:36:43','2017-03-06 21:56:11'),(24,'Rafael Dias Silveira','rafa197795@gmail.com','$2y$10$nItm1466nQ/nHhfMGrqaPO7uD5R1632T15xFmyx55vS3oRQXrnBNe','05018601183','2497537','140030433',NULL,NULL,'2017-03-06 21:37:28','2017-03-06 21:37:28'),(25,'José Valdy Campelo Júnior','valdyjunior@gmail.com','$2y$10$Jx0q/YoZGmm3s8RlV50qMehFFxGQvwhmVi2oNHw8xc43yk1dVX56O','04105584197','2764713','120051851',10,NULL,'2017-03-06 21:42:05','2017-03-06 21:44:03'),(26,'Leandro Ramalho Motta Ferreira','Cajjunb@gmail.com','$2y$10$t.vYeignIu6jFfeHh5AKrud1XJgUbBtnusu2JDk5aFQ8mFbsfqvIa','03726360123','2695199','100033571',NULL,NULL,'2017-03-06 21:46:01','2017-03-06 21:46:01'),(27,'Christian Costa Werner','ccwerner96@gmail.com','$2y$10$paIwYzWUsw9FRuz3fw.YOu3yijqEdCsXKab.ru4JlMX0Jcdwf50ga','01930024185','2419723','140134573',12,'EecJJI4bJjdtmSQOlqL3DDETfzWzB3yPvQKg6OgaC8rU6NKEatI98GEhWMlf','2017-03-06 22:26:16','2017-03-08 18:07:07'),(28,'Eduardo de Azevedo dos Santos','edsantos2003@gmail.com','$2y$10$SJllEA.8xjGrAEBKaZVqyOqOvsy3ZXv39DgtV3TMI4TKJbk//.cm6','05960467151','3170255','140136967',NULL,NULL,'2017-03-06 22:45:28','2017-03-06 22:45:28'),(29,'André Filipe da Conceição','daboiul@gmail.com','$2y$10$Y3.LjWwca0AL5jqLHNOVoOa1LBTnAlxR0ZZSq9Hj65mXQ.MGm7J3q','04939149196','3138178','150005547',NULL,NULL,'2017-03-06 22:49:53','2017-03-06 22:49:53'),(30,'Gabriel da Silva Marques Carvalho','gabmarques16@gmail.com','$2y$10$7hTz1Ujq7qHctCu9qLILFOCR.klttfa0s/UsdupfrQ/pDc9qOstDq','04662954134','1100817558','150126158',NULL,'Ju7tXTC0xqbvebQVxA03qg4BKkpsB3gpTP4ChCnAd7AHaOKIVlcgDBG8BXux','2017-03-06 22:56:54','2017-03-09 17:23:20'),(31,'Marcos Paes da Silva','marcospaes35@gmail.com','$2y$10$6ewhzAimCXeIfvXPd/ljGOCCalR6cMeroWL4dLyfV3Kxu2UWNH7ai','05349642146','3175235','140153101',13,'5wOb6sVM6sa1M6qaITzG0Rgkvu3iSa87f2yurAv8h6rD5seVOJls4eC8BOKI','2017-03-06 22:58:58','2017-03-06 23:13:50'),(32,'Luiz Antônio Borges Martins','labm1997@gmail.com','$2y$10$JkPqRhIGkrw/BtBmt2Eqf.1n7e2AdjoAL8Yi4oA2neb6WmIierMDa','06459735131','3496447','160013615',NULL,'uKod5hfYpB2wozLH1sI2qbbwWpIs3h92AMDKJQ28vqw2JoLwnXf08AYy6H3c','2017-03-06 23:23:41','2017-03-06 23:26:56'),(33,'PAULO VICTOR GONCALVES FARIAS','pve1356@gmail.com','$2y$10$XdhObz1qD0gyGIpqIkhOOuYGcShSJJQHOTkFDmcg38TPFJ07sQW2C','03114617190','2989527','130144754',NULL,NULL,'2017-03-07 00:15:21','2017-03-07 00:15:21'),(34,'Renato Nobre','rekanobre@gmail.com','$2y$10$GCsuksyUCc5JhePkWZ2XU.AOi.PDcyjKkRVZehB876etPhuoVqLCS','04610290146','3031895','150146698',NULL,'U07WLnBwC5UlU1Swgzft5lF6cwYlDySPkIPGsqEjTb7px7fJh8uoxdYheiCh','2017-03-07 00:15:40','2017-03-07 20:39:38'),(35,'Jorge Gabriel Luz Mendes','jorge.jglm@gmail.com','$2y$10$f1IrE5f9dX70/yw5YbLjFu3BIdlynpNoXIqCtod2p4ekFr.6jBrDu','04725224189','3154782','120014599',NULL,NULL,'2017-03-07 00:25:48','2017-03-07 00:25:48'),(36,'Vinicius Capitulino de Andrade ','viniandrade34@gmail.com','$2y$10$CY2Y5ZV4M/6Lf9Zq3RMQz.BOvG7ExaVSzM4G9fLaI3ZljTmVhtkxG','05896095724','123327157','150151233',NULL,NULL,'2017-03-07 00:56:33','2017-03-07 00:56:33'),(37,'Diego Della Rocca de Camargos','diegodellarocc@gmail.com','$2y$10$pxbvTuRAPWIxsjYXKKvGLeW7Bq52BOKhRDDMvr3q6PiT3uIUgoJh6','05096780171','2831923','160117844',NULL,NULL,'2017-03-07 01:05:44','2017-03-07 01:05:44'),(38,'Luan Pignata Caldas','luanpignat@gmail.com','$2y$10$Xr/2oNWo7.6upoeZTCZBQuAnsIYrxuv.PVaSZ4OvuEM1pW9MYRRtS','06477116138','3399776','160034205',44,NULL,'2017-03-07 01:37:20','2017-03-10 13:57:20'),(39,'Pedro Coutinho de Castro','pedrocastro.coutinho@gmail.com','$2y$10$4ldoOVor/EhGYiQjgNG3Y.zEz.yDVwzzbmxqVhrr1XNrUhzGRX78C','03683808152','2847553','150144113',NULL,NULL,'2017-03-07 01:40:20','2017-03-07 01:40:20'),(40,'Mateus Luiz Freitas Barros','mateuslfreitasb@gmail.com','$2y$10$1OrrDUXsXloX.h4SYTqDgeB0BFEghVAqyGoHh.R8QBwSJZyHpJb9W','06378223157','3252580','150140801',15,NULL,'2017-03-07 01:42:06','2017-03-07 01:44:54'),(41,'Larissa Bianca Oliveira da Silva Lima','larissa_bianca@outlook.com','$2y$10$o8uRrV96fwTNjw1BFkFf2uRciMGYO/2S78/k6Ds.9M8EgA3ekMvVO','03665875102','3430886','100109829',16,NULL,'2017-03-07 03:01:47','2017-03-07 03:14:08'),(42,'César Augusto Vilela Borges','cesarisadog@gmail.com','$2y$10$mR2D9j0PyfzsrP8etb7pt.5mxGbXbW.FhAoJM9wdLQ0fj8iMPTqs.','00597099103','2424027','160116341',NULL,NULL,'2017-03-07 03:49:40','2017-03-07 03:49:40'),(43,'Rodrigo Matias Xavier','rodrigomatiasxavier@gmail.com','$2y$10$3iu4L92ziJGw4isZGU/7JOLeEPn1iQnuUpCaSjkLj3k6QLhRnqmZ2','70122471180','6014996','150147431',NULL,NULL,'2017-03-07 07:36:14','2017-03-07 07:36:14'),(44,'Gustavo Costa Morais','gustavocm000@gmail.com','$2y$10$ajMIBf/2Y3AmY8.F0HzhHOWAMD8TRJGZ77tcW4yj9dP4tODGqK/9.','11208535404','120215535-2','160108721',NULL,NULL,'2017-03-07 10:52:14','2017-03-07 10:52:14'),(45,'Rebeca Andrade Baldomir','rebecabaldomir@gmail.com','$2y$10$IFpBRGo9ZhwJ5YUvVyZksOjLy2U36qp6vBUZ1ZB2ZBq3dhz1WXt3K','05068385107','3119462','130016799',NULL,NULL,'2017-03-07 11:55:01','2017-03-07 11:55:01'),(46,'Gabriel Santos Pereira','gabrielsp-g13@hotmail.com','$2y$10$/eVVoMaVrGuvuv.ex85ekOAWQreBCKJ6si6e0hJEuO2VtpmzrNl0C','04685341139','3089106','140140671',NULL,'47Z7yCk3P5IDx0lA5lgBApvmscrR4aoOje3PeQ82shBLdN8cW8NQCf5IkSgz','2017-03-07 12:13:41','2017-03-07 21:44:54'),(47,'Caio Costa de Oliveira','caiolv@me.com','$2y$10$9Lwu5Ur.337dVe4PadmP4ewc7SrKUdLXI2jXAhHyfe5u72.M9jLrK','06064747145','3290880','150120524',17,NULL,'2017-03-07 12:26:53','2017-03-07 12:48:40'),(48,'Vinicius campos silva','vinicius848@gmail.com','$2y$10$fO9jT4/NvHFCzSp7fiOfgeGLIFk2.97rXWDn15Eq/W27acgXrxmCS','04559893110','3245360','160041465',18,NULL,'2017-03-07 13:03:31','2017-03-07 13:11:01'),(49,'Gabriel Mesquita de Araujo','gabrieljustware@gmail.com','$2y$10$3t2LsBA3LbMT5JdhvqBCu.D6NWZipQjvjY/bxtAVXJd2yIi3rR03K','04912831131','3176147','130009121',NULL,'cJAW5WScE6Ww1av7V5zkO11RMAFKnrdoVOifDLUun7Q9RnXgbIJxpJBjBUpg','2017-03-07 13:07:06','2017-03-07 13:07:53'),(50,'Uriel de Barcelos Conceição Silva','urielbcs@gmail.com','$2y$10$sFSDfzqfAY3bWM.3kD/xWePM4lLwVWlduNlZMNr8RywwUuabOkDIi','05102507184','3072135','120137232',NULL,NULL,'2017-03-07 13:16:25','2017-03-07 13:16:25'),(51,'Lucas Mafra Chagas','chagas.lucas.mafra@gmail.com','$2y$10$HV.HPkFKI0ZDFPct.7Uppuji0Gw4tL.mXDdgxPe5Y7AjToBN0lRAy','04684961141','2665302','120126443',19,NULL,'2017-03-07 13:55:22','2017-03-07 13:58:38'),(52,'Amanda Oliveira Alves','amandaoa6@gmail.com','$2y$10$7OALrKuCE4q1hFn2yuwVbOs1ImjR2Sbjvp/xaP5wB17gUxEFbxjn2','05514674100','3834322','150116276',20,NULL,'2017-03-07 13:56:38','2017-03-07 13:59:02'),(53,'Gabriel Morais Marreiros','gabrielmorais96@gmail.com','$2y$10$nKXOjEawvOjaEYraIFkAl.gLKBoykXhlvTd6QAbVMf.LIxCEe02SK','05394052131','3351728','160121256',NULL,NULL,'2017-03-07 14:11:33','2017-03-07 14:11:33'),(54,'Mariana Pannunzio de Queiroz','mariana_queiroz@yahoo.com','$2y$10$E7wCY6mOa3lvi2eXv.bChebhcWB/62VDKnrR26rzoASV58q5.tL0u','04729446143','3144536','120018276',21,NULL,'2017-03-07 14:54:09','2017-03-07 14:54:47'),(55,'Rafaela Sinhoroto Lima','rsinhoroto@hotmail.com','$2y$10$14Str2ZU8OSg8bTQqKMpg.pZzj4li67ZevWedXt5/nDUt1dowIiBa','02146855193','2953250 SSP','140091696',NULL,NULL,'2017-03-07 16:59:49','2017-03-07 16:59:49'),(56,'Alex Nascimento Souza','anascimentosouza6@hotmail.com','$2y$10$IguDg5pYof62OsE0z4SBT.Dqr6rcMY/xBU/QCrQNTx3N6JwNzkmo2','04899041144','3124904','150115474',NULL,NULL,'2017-03-07 20:53:37','2017-03-07 20:53:37'),(57,'Cristoffer Leite da Silva','cristoffer.silva@live.com','$2y$10$DnoAA2i4zmOsikpcJDmx4.LGWWKT6fWhWadIKEiCw9.CDQXj.PsTy','01213976103','2877771','110146093',22,'xceIDPOEKokGJPBqIkLOeJ0AgSCVFSMDP05X8d5C5yIz5ndk9qZE9CYIwabp','2017-03-07 21:50:57','2017-03-07 21:52:15'),(58,'Gabriel Kyth Cavalcante ','kythgabriel@gmail.com','$2y$10$yk1LwbHxL00.3VRFR4/yCu.oFKrwiowfCD05l3UMKalJOYlMQEdam','00433346108','2999156 ','110070721',23,NULL,'2017-03-07 21:54:00','2017-03-07 21:56:37'),(59,'Thiago de Oliveira Albuquerque','thiago.work.ti@outlook.com','$2y$10$gjGt/vUWDZAzqqYAkBaNwe6sRx2CB9Jnw3NNlxgUCU44ASZFq7Ty6','05205937157','3201319','140177442',24,'N4z0i2YaUZeNt8sO05St4BctTI89xbH3IxtCBANGeiUubZ4jknTeHA7mkjWs','2017-03-07 22:07:34','2017-03-07 22:21:20'),(60,'Gabriel Rodrigues Diógenes Macêdo','grdm96@yahoo.com.br','$2y$10$n/gR0NiOpj3GjlDUO3k7f.n4tVY/0SYkwww6Azn/NhjfGVq9B8Z9.','05272288181','3220686','150126808',25,NULL,'2017-03-08 00:16:23','2017-03-08 00:19:17'),(61,'Jonas Cardoso Carvalho Santana','santanajonas15@gmail.com','$2y$10$WfKOmNtjYb35OIa98r4ZMusshrJ2JADLDIApxZQ2J81z5iSEAHgWO','03758930596','3676893','140023593',NULL,NULL,'2017-03-08 00:29:40','2017-03-08 00:29:40'),(62,'Henrique Brant de Moraes Palmeirão Alvarenga','brantrique@outlook.com','$2y$10$BwUqZxl7qeT3eAUhASE4HeYQPvgNO90njNllzCgF1zK85ysm4ax1q','03919116194','3392283','150011644',NULL,NULL,'2017-03-08 00:35:32','2017-03-08 00:35:32'),(63,'Alexandre Aragão Souza Coelho','aragao__souza@hotmail.com','$2y$10$vGsCRX87A3liajwAI0XkdexwTa0IUqjLkvmeuw9Q9voN3pm5OYW46','00835660907','3168276','130004880',27,NULL,'2017-03-08 02:42:59','2017-03-08 10:25:05'),(64,'Iago Lobo Ribeiro de Moraes','iago.wolf.moraes@gmail.com','$2y$10$ANWTpgz0InSPqW/xQIdOvOts65.8a4f.SfsUc3kYZ.aGRLV/XUfy.','02173317008','110049055-4','140082921',26,NULL,'2017-03-08 03:18:19','2017-03-08 03:22:08'),(65,'Raphael Rodrigues Pereira','raphapel@gmail.com','$2y$10$dEMC0H7ldBW87FZCKgxlNO/jFZHCawwUS9XTe66SkW.J.mMd9p9YW','01925949150','2777631','110039530',28,NULL,'2017-03-08 13:01:10','2017-03-08 13:03:04'),(66,'Pietro Bertarini dr Carvalho Mota','pietromota@hotmail.com','$2y$10$FZMq5FUHysPNdmwSpzXco.fPdolJJ1/wi9lubHb5peDYdKIGgJ9HS','05050837103','3097201','140159118',29,NULL,'2017-03-08 13:30:50','2017-03-08 13:45:10'),(67,'Gabriel Correia de Vasconcelos ','gcvasconcelos98@gmail.com','$2y$10$yVfFYQteZQlGxueRf3/RKOqmz6jIqKyg9NyliHWfeGOuwEb8z24f2','02015580255','0118240654','160120781',38,NULL,'2017-03-08 13:43:45','2017-03-08 23:44:36'),(68,'Wanne Lara Pinheiro Luz','wanne_lara@hotmail.com','$2y$10$NyKdO1huceErRh2erm/r2OJJA6OuLJg6H06Lx67qjohWDpTYh0vPi','06385926311','3837888','160148821',31,NULL,'2017-03-08 13:43:57','2017-03-08 13:49:59'),(69,'Pablo Barbosa dos santos ','pablobarbosantos@hotmail.com.br','$2y$10$2WSVct7Gi95O5hFuNaiyYu4ymo2kYCUK7x8/M6eS5mWvE7vGXpFU2','10822412616','MG 17718040','140048804',30,NULL,'2017-03-08 13:44:52','2017-03-08 13:46:36'),(70,'Amanda Alina da Cruz Silva','amandaalina@hotmail.com','$2y$10$WacaVMH3wUzgyJ4hpHiDNuoPETcdE6gZ7qlM/qB2jVvYzxbeL8RdS','04401246110','15949014','130100153',NULL,'uttAbiAKLg8l4nHGQtDTsgXsrFpUj2SRoBd30rHN3Yxq6CjQVZtvmXTpYw6W','2017-03-08 14:17:29','2017-03-08 14:19:20'),(71,'Felipe Luis Rodrigues Sousa ','felipeluisrs77@gmail.com','$2y$10$XkOWox3/sr9L5n7491BJC.TQCnZbfGeH56IoDbg3uBAmauXMGzlQK','70326166157','6259083','150124970',NULL,NULL,'2017-03-08 14:32:27','2017-03-08 14:32:27'),(72,'Pedro Yan Ornelas de Oliveira','pedroyane@gmail.com','$2y$10$cYdDYgsp1x2O0RsFisMaCO0EKhrjYm1JMmbf5mBPCbWHK/3tBVYuS','00801440122','3114463','140158995',32,NULL,'2017-03-08 14:45:50','2017-03-08 14:46:34'),(73,'Victor Araújo Vieira','icevct@gmail.com','$2y$10$wAXqexxNwGJCeVOlA5/qIuDjhDMS3cLB8lgX2nk/cjtXwxz/zj0Qe','05494413101','3316320','140032801',33,NULL,'2017-03-08 17:50:23','2017-03-08 17:52:10'),(74,'Matheus Siade  Ferreira','matheussiadef15@gmail.com','$2y$10$j9WzyKfUSIbeJOfC2mWoy.2kJ/9.FB5hLleJD8aC4TUMpVts8bDLq','04044572151','5798241','160036691',NULL,'1NZT9ByJaOuUanemDESqO9WePVf5u0SiTPF8OdMKp0G68ht4sZnPxOr1LWnq','2017-03-08 17:57:43','2017-03-08 20:42:41'),(75,'LUCAS MARIANO CARVALHO','lmarianocarvalho@hotmail.com','$2y$10$/G5aXbJIKHIHsttI8XhTiuD0LN3C1v1dv//7Yv7FRzSV0gwT9Iavu','13680485603','MG-16.711.8','160133661',34,'3Y1JIbZcTuovcAxnoMolc2bg9TAt0R2o3ux9mTaYYFQKeKpH1SKMKGlpRS07','2017-03-08 18:00:25','2017-03-08 18:10:34'),(76,'Antônio Henrique de Moura Rodrigues ','ahmoura@live.com','$2y$10$Vp0R0utRTykfm.6cFLp52OvLqdOcW63B3mG5dx3xSorWyr5x.DyT2','01884386105','3138966','160118236',NULL,NULL,'2017-03-08 19:17:18','2017-03-08 19:17:18'),(77,'Mikael Marques Mello','mikaelmmello@gmail.com','$2y$10$lZVs1hA62AexA3UJGNTDSe62fqaQOzAnRvSryKSabRPKL4VUJ/rRy','03446776133','2649970','160015537',35,NULL,'2017-03-08 19:22:50','2017-03-08 19:25:26'),(78,'Victor Araujo Dantas','v.araujodantas@gmail.com','$2y$10$sdIwqL4uEN/IzJsVejx2POh88Mb9w0G4vDdu9dre/KwHXu0xIeHs2','73791229168','2611039','140032797',37,NULL,'2017-03-08 19:53:02','2017-03-08 22:14:02'),(79,'Arthur de Matos Beggs','arthurm104@gmail.com','$2y$10$6OFURVjtb1DgUbMO9dQYDu/8gj4hoJc2hm2zrA7wPpUAOi1MNEigm','04802587163','3040161','120111098',NULL,'0gHeyoQUDlkF41mWZ0toOcN8c1jepSWz5K5usvTgCWvgXKE4Pj4V33wYyiaS','2017-03-08 21:09:52','2017-03-08 21:29:48'),(80,'Pedro Augusto Coelho Nunes','pedropacn@gmail.com','$2y$10$/o.mW5aJ2Ra/6L5yjK4ctu89KF4eC7h2bzrklL1VFaeo.evblPy6i','05114065173','3014181','160141044',36,'QLq60Xl1DuSJljgfoZtNTTbIBNm1t9bwdiKZouFFj0hAsR0OvfulwtZxEVcb','2017-03-08 21:35:30','2017-03-09 02:47:22'),(81,'Clara Senra Rabello','claraa.rabello@gmail.com','$2y$10$tCDIN78FZSqofWW5ZBJwZu1Pj9IO1ktSH/4eOd6MmyPYj0MkSGUHW','06052761105','388112943','160025737',NULL,NULL,'2017-03-08 22:54:26','2017-03-08 22:54:26'),(82,'João Anselmo Bandeira dos Reis','joaocito210697@hotmail.com','$2y$10$TJALnuMLQvM03A4kl5OjaeyvhjMt33OdfOnMKWHXQnXzXVFghbGri','03704579190','2991462','160031672',NULL,NULL,'2017-03-08 22:58:24','2017-03-08 22:58:24'),(83,'Evandro Thalles Vale de Castro','evandro-tvc@hotmail.com','$2y$10$G36NrxahdT0483vriuezv.28OaiAv7lbc54D7F1gEa/BEDiBSQl12','05610156190','3318718','160119286',39,'q8ikkMeYyLpzs94ttZ6hkcWM3bNyIzvKNep6R3yA4X7a8ZAZpR3ab7lTORRE','2017-03-09 00:36:01','2017-03-09 00:40:28'),(84,'Rennê Ruan Alves Oliveira','renneruan@hotmail.com','$2y$10$ypLVxvMvMwCVX390WVA1X.8FZtZ/.rxWG1qR29lx7tMffVcCACToa','05330349141','2993697','140030930',NULL,NULL,'2017-03-09 01:17:21','2017-03-09 01:17:21'),(85,'Rodrigo de Araujo Chaves','rodriggo.chaves@gmail.com','$2y$10$okHdif2QNhuvqrQR3V8EHuOp/fLR85BvsIqAi1AYYn7tyMmQwJPEy','05200155177','3200389','130132624',NULL,NULL,'2017-03-09 01:52:50','2017-03-09 01:52:50'),(86,'Rogério da Rocha Feitoza ','rogeriorfeitoza@gmail.com','$2y$10$lf0Ad7uqMLZyBjEbM6pwS.B..n6H5NSbzDV6mMCoUBppLmXfZhR3a','04463007135','3322397','140161741',NULL,NULL,'2017-03-09 03:25:07','2017-03-09 03:25:07'),(87,'Marcus Vinícius da Silva Borges','marcus.f22@gmail.com','$2y$10$lziQelsSgdCAJvxRky77ouiOZRxwVhC2camjNwa5bDCCxDl6SOhWW','04766546105','3102076','130032891',NULL,NULL,'2017-03-09 10:44:26','2017-03-09 10:44:26'),(88,'Caetano Santos Lucio','ccaetanoo@gmail.com','$2y$10$Jwds9hPjRxznPpEwygAzOua891C.j6xsAZR/UE6EMnHFIczPmpvGW','04448603121','3044737','140167919',NULL,NULL,'2017-03-09 10:45:54','2017-03-09 10:45:54'),(89,'Divino Junio Batista Lopes','junio.batista12@gmail.com','$2y$10$XHbn8XvikY3TbxVuKFtYYeLyCFTwl9Acvi9hmxMdtrRw/IMuMZLXq','05602108173','6126046','150033443',NULL,NULL,'2017-03-09 11:32:16','2017-03-09 11:32:16'),(90,'Vitor Hugo Prado Gomes','vitorhpgomes@gmail.com','$2y$10$98xkOL7lDjqWCk4QvpacPeCKYPN8DYNSnov4BL6yT7NjWy0Y./tka','03421419108','2976567','150065582',NULL,'2dxR7ehLf0CO2UFKOnZdLi4t6wCvDzOlIhotIYQwAc1JiTvJRIa0JbqfVzKH','2017-03-09 13:10:02','2017-03-10 12:04:21'),(91,'Samuel Ferreira Cruvinel','s.f.cruvinel@gmail.com','$2y$10$ieg5Wu9g.TsAfgaLvDLMuOiW/JutVtsaMYBP2/ktySkE.w2pKp7DW','05958136151','3402594','160144647',NULL,'2ket7fPuYsc5pJ2H0wcPycpcwGNzU5HsIP6FT8ROSjbFLlsYE8txGSwsVjFU','2017-03-09 14:54:41','2017-03-10 14:19:37'),(92,'Harisson Ford Alves Ribeiro','harisson.ford8@gmail.com','$2y$10$SK9UAjve4/pClsJ8eaMp8O9502e0fdY3Hwc9.xgybC.yL94VumGxC','05222166171','3193841','140142797',NULL,NULL,'2017-03-09 16:45:59','2017-03-09 16:45:59'),(93,'Rodrigo Almeida do Amaral','amaral616@yahoo.com','$2y$10$19vS7gDI16Xna/NZ4MgpIe4okfrQZWQviSclyKTrnHJAo/JA/v6rW','03212170123','2673306','160143918',40,NULL,'2017-03-09 17:24:54','2017-03-09 17:41:22'),(94,'Letícia de Souza Soares','leticiaestrela96@hotmail.com','$2y$10$idqqRTPc37aUx2W/iIKvp.GBTjSL3cCS6i9XbrIoLM4ey2YXxycZi','06080597144','3426610','150015178',NULL,NULL,'2017-03-09 17:59:26','2017-03-09 17:59:26'),(95,'Marcos Vinicius Prescendo Tonin','Marcosvtonin@hotmail.com','$2y$10$3j060Fz.lnVlLGHJhSupCOkmQappUsAnDehhZAZsyhXw/Szz1EXVm','05295625109','3350164 ','140153233',NULL,NULL,'2017-03-09 19:19:30','2017-03-09 19:19:30'),(96,'Igor Raposo Oliveira Beduin','igor.rob.96@gmail.com','$2y$10$8muw3fBq1Umlt2Z4wRGBA.jJjb5mu79emql3EJaTlEqfnneEzUIcW','04828055100','3113311','140143882',NULL,NULL,'2017-03-09 20:32:48','2017-03-09 20:32:48'),(97,'Gabriel de Sena Guerra','gsenaguerra@gmail.com','$2y$10$NPxv0h9MVeXROWGSbyELNO4wGJJR4sgLIB6T9x2.EoD9VhH2MKKLm','02684878129','7228473','150126247',42,'Ym3ILMSyDAPBA3JknQ1pvsvylF12hqRX2VlrQSuIiHSWbLX1Cq4Ii15thxOs','2017-03-09 21:15:00','2017-03-09 21:54:52'),(98,'Allana Maria Medrado Araújo','allanamedradoo@gmail.com','$2y$10$7Dg5uQzdgfRikw1cqyTEueVlJqA2nxHT0aVlMNP/zMGeZRsssi.tG','06064603143','3435726','160001030',NULL,NULL,'2017-03-10 02:50:49','2017-03-10 02:50:49'),(99,'Rodrigo Neris Ferreira Cardoso','rodrigoneris3@gmail.com','$2y$10$vijjablWXvVIUoT33gscSuiot.Rt4fp9OH5DuVe1zbBS/jjn19zie','04905894131','3063211','140161597',NULL,'WdS7TFqBkIypwjQWaIMjw60DTDQVF9RSDgXR2hekbWRDsY3R1OormKM99Xz1','2017-03-10 02:51:38','2017-03-10 02:52:51'),(100,'Davi Rabbouni de Carvalho Freitas','drcfts@gmail.com','$2y$10$aYhOmUgfV3wSH.ymvmGfTeD2KYB.t9P9zdRo.pKxfZYrd3mExQsDq','06069272129','3435181','150033010',43,'0IaNlVA9lNFsndEhj14wGTHrwVQT0ZAMOx6UAKOkyKVlesPsbOpArEUOjVZe','2017-03-10 03:56:12','2017-03-10 03:59:21'),(101,'Rafael da Silva Rocha','rafaeltbt@gmail.com','$2y$10$ca9t7v.AYKB.SSA9cANMEOpww18lg/6cli6UM.63W26T1GnTFGggy','04279041105','1200316154','120133229',NULL,NULL,'2017-03-10 08:25:25','2017-03-10 08:25:25'),(102,'Aurora Li Min de Freitas Wang','auroralimin14@gmail.com','$2y$10$5qEBhyUKHB6yCAFhWNbtWuWWyoP6Q3Jla5t1SGoUybvThsitBOJLO','02998155103','2863445 ','130006408',NULL,NULL,'2017-03-10 14:19:31','2017-03-10 14:19:31'),(103,'Eduardo Scartezini Correia Carvalho','scartezini23@gmail.com','$2y$10$q5suhiXqHYCjs5RbBNFxGezTEPepNuJaAmUylv5bf/pDpjpAk1oZS','00979316162','2970223','140137084',45,NULL,'2017-03-10 14:47:19','2017-03-10 14:49:01');
/*!40000 ALTER TABLE `users` ENABLE KEYS */;
UNLOCK TABLES;

--
-- Table structure for table `vagas`
--

DROP TABLE IF EXISTS `vagas`;
/*!40101 SET @saved_cs_client     = @@character_set_client */;
/*!40101 SET character_set_client = utf8 */;
CREATE TABLE `vagas` (
  `id` int(11) NOT NULL AUTO_INCREMENT,
  `t_total` int(11) NOT NULL DEFAULT '0',
  `t_ocupadas` int(11) NOT NULL DEFAULT '0',
  `t_restantes` int(11) NOT NULL DEFAULT '0',
  `c_total` int(11) NOT NULL DEFAULT '0',
  `c_ocupadas` int(11) NOT NULL DEFAULT '0',
  `c_restantes` int(11) NOT NULL DEFAULT '0',
  PRIMARY KEY (`id`)
) ENGINE=InnoDB AUTO_INCREMENT=404 DEFAULT CHARSET=latin1;
/*!40101 SET character_set_client = @saved_cs_client */;

--
-- Dumping data for table `vagas`
--

LOCK TABLES `vagas` WRITE;
/*!40000 ALTER TABLE `vagas` DISABLE KEYS */;
INSERT INTO `vagas` VALUES (1,50,42,8,40,33,7),(2,40,26,14,0,0,0),(3,55,48,7,46,39,7),(4,40,33,7,40,33,7),(5,40,32,8,0,0,0),(6,40,33,7,40,33,7),(7,0,0,0,0,0,0),(8,40,25,15,40,25,15),(9,35,35,0,35,35,0),(10,41,32,9,40,31,9),(11,40,30,10,0,0,0),(12,0,0,0,0,0,0),(13,0,0,0,0,0,0),(14,32,20,12,11,2,9),(15,0,0,0,0,0,0),(16,60,48,12,0,0,0),(17,0,0,0,0,0,0),(18,60,26,34,0,0,0),(19,60,47,13,0,0,0),(20,0,0,0,0,0,0),(21,60,31,29,0,0,0),(22,50,42,8,46,38,8),(23,25,25,0,25,25,0),(24,26,26,0,26,26,0),(25,25,14,11,15,6,9),(26,25,14,11,20,9,11),(27,25,25,0,20,20,0),(28,25,13,12,0,0,0),(29,25,21,4,7,7,0),(30,25,15,10,25,15,10),(31,25,17,8,10,3,7),(32,25,17,8,0,0,0),(33,25,14,11,0,0,0),(34,26,6,20,0,0,0),(35,25,22,3,0,0,0),(36,25,8,17,0,0,0),(37,30,7,23,0,0,0),(38,0,0,0,0,0,0),(39,20,0,20,0,0,0),(40,20,0,20,0,0,0),(41,0,0,0,0,0,0),(42,2,0,2,0,0,0),(43,15,0,15,0,0,0),(44,0,0,0,0,0,0),(45,40,30,10,0,0,0),(46,40,18,22,0,0,0),(47,40,34,6,0,0,0),(48,40,18,22,0,0,0),(49,40,26,14,0,0,0),(50,35,14,21,0,0,0),(51,35,25,10,0,0,0),(52,45,11,34,0,0,0),(53,45,20,25,0,0,0),(54,40,18,22,0,0,0),(55,20,17,3,0,0,0),(56,20,16,4,0,0,0),(57,20,16,4,0,0,0),(58,20,16,4,0,0,0),(59,30,19,11,0,0,0),(60,40,6,34,0,0,0),(61,40,7,33,0,0,0),(62,30,18,12,0,0,0),(63,30,26,4,0,0,0),(64,30,27,3,0,0,0),(65,35,3,32,0,0,0),(66,35,9,26,0,0,0),(67,40,19,21,0,0,0),(68,42,22,20,0,0,0),(69,40,36,4,0,0,0),(70,40,30,10,0,0,0),(71,40,11,29,0,0,0),(72,35,15,20,0,0,0),(73,40,17,23,0,0,0),(74,0,0,0,0,0,0),(75,0,0,0,0,0,0),(76,0,0,0,0,0,0),(77,0,0,0,0,0,0),(78,0,0,0,0,0,0),(79,5,0,5,0,0,0),(80,20,0,20,0,0,0),(81,0,0,0,0,0,0),(82,0,0,0,0,0,0),(83,0,0,0,0,0,0),(84,0,0,0,0,0,0),(85,0,0,0,0,0,0),(86,0,0,0,0,0,0),(87,0,0,0,0,0,0),(88,0,0,0,0,0,0),(89,0,0,0,0,0,0),(90,0,0,0,0,0,0),(91,0,0,0,0,0,0),(92,0,0,0,0,0,0),(93,0,0,0,0,0,0),(94,0,0,0,0,0,0),(95,0,0,0,0,0,0),(96,0,0,0,0,0,0),(97,0,0,0,0,0,0),(98,0,0,0,0,0,0),(99,0,0,0,0,0,0),(100,0,0,0,0,0,0),(101,0,0,0,0,0,0),(102,0,0,0,0,0,0),(103,0,0,0,0,0,0),(104,20,10,10,0,0,0),(105,0,0,0,0,0,0),(106,0,0,0,0,0,0),(107,0,0,0,0,0,0),(108,0,0,0,0,0,0),(109,0,0,0,0,0,0),(110,0,0,0,0,0,0),(111,0,0,0,0,0,0),(112,0,0,0,0,0,0),(113,40,13,27,0,0,0),(114,40,26,14,0,0,0),(115,40,30,10,0,0,0),(116,0,0,0,0,0,0),(117,0,0,0,0,0,0),(118,0,0,0,0,0,0),(119,0,0,0,0,0,0),(120,0,0,0,0,0,0),(121,0,0,0,0,0,0),(122,0,0,0,0,0,0),(123,0,0,0,0,0,0),(124,0,0,0,0,0,0),(125,0,0,0,0,0,0),(126,0,0,0,0,0,0),(127,0,0,0,0,0,0),(128,0,0,0,0,0,0),(129,0,0,0,0,0,0),(130,0,0,0,0,0,0),(131,0,0,0,0,0,0),(132,0,0,0,0,0,0),(133,0,0,0,0,0,0),(134,0,0,0,0,0,0),(135,0,0,0,0,0,0),(136,0,0,0,0,0,0),(137,0,0,0,0,0,0),(138,0,0,0,0,0,0),(139,0,0,0,0,0,0),(140,0,0,0,0,0,0),(141,0,0,0,0,0,0),(142,0,0,0,0,0,0),(143,0,0,0,0,0,0),(144,0,0,0,0,0,0),(145,0,0,0,0,0,0),(146,0,0,0,0,0,0),(147,0,0,0,0,0,0),(148,0,0,0,0,0,0),(149,0,0,0,0,0,0),(150,0,0,0,0,0,0),(151,0,0,0,0,0,0),(152,40,10,30,0,0,0),(153,0,0,0,0,0,0),(154,0,0,0,0,0,0),(155,0,0,0,0,0,0),(156,0,0,0,0,0,0),(157,0,0,0,0,0,0),(158,0,0,0,0,0,0),(159,0,0,0,0,0,0),(160,0,0,0,0,0,0),(161,0,0,0,0,0,0),(162,0,0,0,0,0,0),(163,0,0,0,0,0,0),(164,0,0,0,0,0,0),(165,0,0,0,0,0,0),(166,0,0,0,0,0,0),(167,0,0,0,0,0,0),(168,0,0,0,0,0,0),(169,0,0,0,0,0,0),(170,0,0,0,0,0,0),(171,0,0,0,0,0,0),(172,0,0,0,0,0,0),(173,0,0,0,0,0,0),(174,0,0,0,0,0,0),(175,0,0,0,0,0,0),(176,0,0,0,0,0,0),(177,0,0,0,0,0,0),(178,0,0,0,0,0,0),(179,0,0,0,0,0,0),(180,0,0,0,0,0,0),(181,0,0,0,0,0,0),(182,0,0,0,0,0,0),(183,0,0,0,0,0,0),(184,40,12,28,0,0,0),(185,45,38,7,40,33,7),(186,0,0,0,0,0,0),(187,0,0,0,0,0,0),(188,0,0,0,0,0,0),(189,0,0,0,0,0,0),(190,0,0,0,0,0,0),(191,0,0,0,0,0,0),(192,0,0,0,0,0,0),(193,0,0,0,0,0,0),(194,0,0,0,0,0,0),(195,0,0,0,0,0,0),(196,0,0,0,0,0,0),(197,0,0,0,0,0,0),(198,0,0,0,0,0,0),(199,0,0,0,0,0,0),(200,0,0,0,0,0,0),(201,0,0,0,0,0,0),(202,0,0,0,0,0,0),(203,0,0,0,0,0,0),(204,0,0,0,0,0,0),(205,0,0,0,0,0,0),(206,0,0,0,0,0,0),(207,0,0,0,0,0,0),(208,0,0,0,0,0,0),(209,0,0,0,0,0,0),(210,0,0,0,0,0,0),(211,0,0,0,0,0,0),(212,0,0,0,0,0,0),(213,0,0,0,0,0,0),(214,0,0,0,0,0,0),(215,0,0,0,0,0,0),(216,0,0,0,0,0,0),(217,0,0,0,0,0,0),(218,0,0,0,0,0,0),(219,0,0,0,0,0,0),(220,0,0,0,0,0,0),(221,0,0,0,0,0,0),(222,0,0,0,0,0,0),(223,41,35,6,40,34,6),(224,0,0,0,0,0,0),(225,0,0,0,0,0,0),(226,0,0,0,0,0,0),(227,0,0,0,0,0,0),(228,0,0,0,0,0,0),(229,30,0,30,0,0,0),(230,40,32,8,0,0,0),(231,20,6,14,0,0,0),(232,5,0,5,0,0,0),(233,20,0,20,0,0,0),(234,5,0,5,0,0,0),(235,0,0,0,0,0,0),(236,0,0,0,0,0,0),(237,0,0,0,0,0,0),(238,0,0,0,0,0,0),(239,0,0,0,0,0,0),(240,0,0,0,0,0,0),(241,0,0,0,0,0,0),(242,0,0,0,0,0,0),(243,0,0,0,0,0,0),(244,0,0,0,0,0,0),(245,0,0,0,0,0,0),(246,0,0,0,0,0,0),(247,0,0,0,0,0,0),(248,0,0,0,0,0,0),(249,0,0,0,0,0,0),(250,0,0,0,0,0,0),(251,0,0,0,0,0,0),(252,0,0,0,0,0,0),(253,0,0,0,0,0,0),(254,0,0,0,0,0,0),(255,0,0,0,0,0,0),(256,0,0,0,0,0,0),(257,0,0,0,0,0,0),(258,0,0,0,0,0,0),(259,0,0,0,0,0,0),(260,0,0,0,0,0,0),(261,0,0,0,0,0,0),(262,0,0,0,0,0,0),(263,0,0,0,0,0,0),(264,0,0,0,0,0,0),(265,0,0,0,0,0,0),(266,0,0,0,0,0,0),(267,0,0,0,0,0,0),(268,0,0,0,0,0,0),(269,0,0,0,0,0,0),(270,0,0,0,0,0,0),(271,0,0,0,0,0,0),(272,0,0,0,0,0,0),(273,0,0,0,0,0,0),(274,0,0,0,0,0,0),(275,0,0,0,0,0,0),(276,0,0,0,0,0,0),(277,0,0,0,0,0,0),(278,0,0,0,0,0,0),(279,0,0,0,0,0,0),(280,0,0,0,0,0,0),(281,0,0,0,0,0,0),(282,0,0,0,0,0,0),(283,0,0,0,0,0,0),(284,0,0,0,0,0,0),(285,0,0,0,0,0,0),(286,0,0,0,0,0,0),(287,0,0,0,0,0,0),(288,0,0,0,0,0,0),(289,0,0,0,0,0,0),(290,0,0,0,0,0,0),(291,0,0,0,0,0,0),(292,0,0,0,0,0,0),(293,0,0,0,0,0,0),(294,0,0,0,0,0,0),(295,0,0,0,0,0,0),(296,0,0,0,0,0,0),(297,0,0,0,0,0,0),(298,0,0,0,0,0,0),(299,0,0,0,0,0,0),(300,0,0,0,0,0,0),(301,0,0,0,0,0,0),(302,0,0,0,0,0,0),(303,0,0,0,0,0,0),(304,0,0,0,0,0,0),(305,0,0,0,0,0,0),(306,0,0,0,0,0,0),(307,0,0,0,0,0,0),(308,0,0,0,0,0,0),(309,0,0,0,0,0,0),(310,0,0,0,0,0,0),(311,0,0,0,0,0,0),(312,0,0,0,0,0,0),(313,0,0,0,0,0,0),(314,0,0,0,0,0,0),(315,0,0,0,0,0,0),(316,0,0,0,0,0,0),(317,0,0,0,0,0,0),(318,0,0,0,0,0,0),(319,0,0,0,0,0,0),(320,0,0,0,0,0,0),(321,0,0,0,0,0,0),(322,0,0,0,0,0,0),(323,0,0,0,0,0,0),(324,30,0,30,0,0,0),(325,20,0,20,0,0,0),(326,30,24,6,0,0,0),(327,40,10,30,0,0,0),(328,15,0,15,0,0,0),(329,0,0,0,0,0,0),(330,0,0,0,0,0,0),(331,0,0,0,0,0,0),(332,0,0,0,0,0,0),(333,0,0,0,0,0,0),(334,0,0,0,0,0,0),(335,0,0,0,0,0,0),(336,0,0,0,0,0,0),(337,40,23,17,0,0,0),(338,30,21,9,0,0,0),(339,40,18,22,0,0,0),(340,20,0,20,0,0,0),(341,52,40,12,40,32,8),(342,40,28,12,0,0,0),(343,25,0,25,0,0,0),(344,30,0,30,0,0,0),(345,20,0,20,0,0,0),(346,60,0,60,0,0,0),(347,40,19,21,0,0,0),(348,40,0,40,0,0,0),(349,40,23,17,0,0,0),(350,40,18,22,0,0,0),(351,40,33,7,0,0,0),(352,30,1,29,0,0,0),(353,40,13,27,0,0,0),(354,40,28,12,0,0,0),(355,45,27,18,0,0,0),(356,30,24,6,0,0,0),(357,20,0,20,0,0,0),(358,40,34,6,0,0,0),(359,0,0,0,0,0,0),(360,0,0,0,0,0,0),(361,0,0,0,0,0,0),(362,0,0,0,0,0,0),(363,0,0,0,0,0,0),(364,0,0,0,0,0,0),(365,0,0,0,0,0,0),(366,0,0,0,0,0,0),(367,0,0,0,0,0,0),(368,0,0,0,0,0,0),(369,0,0,0,0,0,0),(370,0,0,0,0,0,0),(371,0,0,0,0,0,0),(372,0,0,0,0,0,0),(373,0,0,0,0,0,0),(374,0,0,0,0,0,0),(375,0,0,0,0,0,0),(376,0,0,0,0,0,0),(377,0,0,0,0,0,0),(378,0,0,0,0,0,0),(379,0,0,0,0,0,0),(380,0,0,0,0,0,0),(381,0,0,0,0,0,0),(382,0,0,0,0,0,0),(383,0,0,0,0,0,0),(384,0,0,0,0,0,0),(385,0,0,0,0,0,0),(386,0,0,0,0,0,0),(387,0,0,0,0,0,0),(388,0,0,0,0,0,0),(389,0,0,0,0,0,0),(390,0,0,0,0,0,0),(391,0,0,0,0,0,0),(392,0,0,0,0,0,0),(393,0,0,0,0,0,0),(394,0,0,0,0,0,0),(395,0,0,0,0,0,0),(396,0,0,0,0,0,0),(397,0,0,0,0,0,0),(398,0,0,0,0,0,0),(399,0,0,0,0,0,0),(400,0,0,0,0,0,0),(401,0,0,0,0,0,0),(402,0,0,0,0,0,0),(403,0,0,0,0,0,0);
/*!40000 ALTER TABLE `vagas` ENABLE KEYS */;
UNLOCK TABLES;
/*!40103 SET TIME_ZONE=@OLD_TIME_ZONE */;

/*!40101 SET SQL_MODE=@OLD_SQL_MODE */;
/*!40014 SET FOREIGN_KEY_CHECKS=@OLD_FOREIGN_KEY_CHECKS */;
/*!40014 SET UNIQUE_CHECKS=@OLD_UNIQUE_CHECKS */;
/*!40101 SET CHARACTER_SET_CLIENT=@OLD_CHARACTER_SET_CLIENT */;
/*!40101 SET CHARACTER_SET_RESULTS=@OLD_CHARACTER_SET_RESULTS */;
/*!40101 SET COLLATION_CONNECTION=@OLD_COLLATION_CONNECTION */;
/*!40111 SET SQL_NOTES=@OLD_SQL_NOTES */;

-- Dump completed on 2017-03-10 14:16:59
